{"type":"FeatureCollection","name":"ADMINISTRASIKECAMATAN_AR_50K","features":[{"type":"Feature","properties":{"NAMOBJ":"Cengal","WADMKC":"Cengal","WADMKK":"Ogan Komering Ilir","WADMPR":"Sumatera Selatan","KDCPUM":"id1602031","KDPKAB":"16.02","JUMLAH_DESA":17,"CENTER_LAT":-3.44843,"CENTER_LNG":105.60063},"geometry":{"type":"MultiPolygon","coordinates":[[[[105.74017,-3.32698],[105.74017,-3.32699],[105.74243,-3.32689],[105.74642,-3.33209],[105.74761,-3.33849],[105.7512,-3.34009],[105.75477,-3.33448],[105.75796,-3.33568],[105.76402,-3.34274],[105.76919,-3.34604],[105.7711,-3.34727],[105.77588,-3.34846],[105.77986,-3.34886],[105.77946,-3.35086],[105.77867,-3.35446],[105.78123,-3.35551],[105.78743,-3.35805],[105.79021,-3.35645],[105.79021,-3.35205],[105.79223,-3.35125],[105.79657,-3.35325],[105.80064,-3.35324],[105.80453,-3.35324],[105.8117,-3.35284],[105.81647,-3.35523],[105.81853,-3.35757],[105.8213,-3.36073],[105.8219,-3.36093],[105.82548,-3.36211],[105.83116,-3.36594],[105.83199,-3.36718],[105.83377,-3.36986],[105.83599,-3.37321],[105.83761,-3.37426],[105.84156,-3.37681],[105.84829,-3.38158],[105.84958,-3.38251],[105.85466,-3.38621],[105.85835,-3.38849],[105.86175,-3.39122],[105.86657,-3.39502],[105.86767,-3.39605],[105.87031,-3.39851],[105.87284,-3.40197],[105.87329,-3.40258],[105.87549,-3.40635],[105.87609,-3.40738],[105.88144,-3.41381],[105.88708,-3.41959],[105.88738,-3.41989],[105.89119,-3.42371],[105.89079,-3.42456],[105.8855,-3.43572],[105.8841,-3.43867],[105.8733,-3.46372],[105.86696,-3.48068],[105.86379,-3.48758],[105.86338,-3.48851],[105.86299,-3.4894],[105.86199,-3.49167],[105.86097,-3.494],[105.86078,-3.49442],[105.85009,-3.51874],[105.84794,-3.52363],[105.84167,-3.54806],[105.83823,-3.55644],[105.83364,-3.56764],[105.83197,-3.57486],[105.82947,-3.58566],[105.8291,-3.58807],[105.82812,-3.59447],[105.82677,-3.60333],[105.82334,-3.61829],[105.82105,-3.62981],[105.82104,-3.63178],[105.81991,-3.63902],[105.82127,-3.65302],[105.82298,-3.67053],[105.8228,-3.6712],[105.82256,-3.67205],[105.82331,-3.68508],[105.82375,-3.69273],[105.82632,-3.70113],[105.82959,-3.7118],[105.83749,-3.72342],[105.8386,-3.72504],[105.84645,-3.74489],[105.85032,-3.74931],[105.85125,-3.75037],[105.85133,-3.75047],[105.85134,-3.75645],[105.85134,-3.75789],[105.85147,-3.75886],[105.85202,-3.76304],[105.8529,-3.76978],[105.85294,-3.77008],[105.85414,-3.7763],[105.8556,-3.78386],[105.85873,-3.79725],[105.86092,-3.80664],[105.86624,-3.83102],[105.86466,-3.84692],[105.86461,-3.84704],[105.85938,-3.85858],[105.85198,-3.86972],[105.84139,-3.87609],[105.82869,-3.88352],[105.80751,-3.88036],[105.79109,-3.87667],[105.77812,-3.87512],[105.77307,-3.86662],[105.76565,-3.85655],[105.76221,-3.85057],[105.76184,-3.84991],[105.74938,-3.84822],[105.74259,-3.84766],[105.72899,-3.84597],[105.72875,-3.84565],[105.72559,-3.84144],[105.72049,-3.83805],[105.7181,-3.83275],[105.71255,-3.82048],[105.70971,-3.81369],[105.70952,-3.81336],[105.69724,-3.79273],[105.69786,-3.79108],[105.70233,-3.77912],[105.70628,-3.76778],[105.70571,-3.76041],[105.70557,-3.76023],[105.69822,-3.75073],[105.69607,-3.74795],[105.69091,-3.74383],[105.68885,-3.74218],[105.68474,-3.73889],[105.67568,-3.7406],[105.65473,-3.73948],[105.64355,-3.73097],[105.64284,-3.73042],[105.64192,-3.72973],[105.63094,-3.72136],[105.63032,-3.71956],[105.62557,-3.70577],[105.62524,-3.70482],[105.62697,-3.70039],[105.63197,-3.68765],[105.63081,-3.67613],[105.63061,-3.67411],[105.63635,-3.66211],[105.63644,-3.66191],[105.64902,-3.65016],[105.64677,-3.64339],[105.64347,-3.64083],[105.63688,-3.63572],[105.62429,-3.63031],[105.61091,-3.61554],[105.61079,-3.61542],[105.59812,-3.62739],[105.59687,-3.62623],[105.59121,-3.6302],[105.58394,-3.63323],[105.57391,-3.63605],[105.57018,-3.63659],[105.55283,-3.63914],[105.55278,-3.63915],[105.54967,-3.63961],[105.54451,-3.63909],[105.54226,-3.63791],[105.537,-3.63515],[105.53444,-3.63414],[105.5325,-3.63338],[105.52923,-3.63189],[105.5278,-3.63181],[105.52526,-3.63256],[105.52183,-3.63223],[105.51905,-3.63128],[105.51391,-3.63058],[105.50914,-3.63025],[105.49968,-3.63099],[105.47914,-3.63117],[105.45902,-3.62667],[105.43685,-3.62286],[105.43349,-3.62218],[105.42174,-3.6198],[105.41286,-3.61862],[105.41121,-3.61841],[105.39406,-3.61573],[105.38453,-3.61563],[105.37869,-3.61557],[105.36921,-3.616],[105.36443,-3.61622],[105.36382,-3.61624],[105.3591,-3.6158],[105.35608,-3.61552],[105.35003,-3.61597],[105.34498,-3.61635],[105.3406,-3.61668],[105.34049,-3.61669],[105.34049,-3.61664],[105.34067,-3.6131],[105.32861,-3.61443],[105.32246,-3.61332],[105.31186,-3.6114],[105.31134,-3.61556],[105.30638,-3.61455],[105.30534,-3.61044],[105.30534,-3.60704],[105.3042,-3.60364],[105.30817,-3.60081],[105.31909,-3.60157],[105.32572,-3.5991],[105.32855,-3.59796],[105.33842,-3.59456],[105.34021,-3.58891],[105.3438,-3.57807],[105.35143,-3.56272],[105.35113,-3.56004],[105.34963,-3.54691],[105.34198,-3.53021],[105.32625,-3.51079],[105.31591,-3.49951],[105.30422,-3.48732],[105.2725,-3.46933],[105.25568,-3.45979],[105.23725,-3.44353],[105.2236,-3.43008],[105.21252,-3.41915],[105.20443,-3.39703],[105.19724,-3.38303],[105.18357,-3.35669],[105.17903,-3.35082],[105.18033,-3.3274],[105.18138,-3.31602],[105.18232,-3.30587],[105.1903,-3.28916],[105.1947,-3.29364],[105.19885,-3.29723],[105.20098,-3.30128],[105.20208,-3.30376],[105.20501,-3.30688],[105.21076,-3.31312],[105.21697,-3.31866],[105.21841,-3.31979],[105.22724,-3.3267],[105.23499,-3.33379],[105.24241,-3.34243],[105.2473,-3.34806],[105.25021,-3.35194],[105.25164,-3.35641],[105.25281,-3.36039],[105.25661,-3.3651],[105.26152,-3.37135],[105.26538,-3.3748],[105.26787,-3.37966],[105.27092,-3.38491],[105.27184,-3.38559],[105.27602,-3.38869],[105.27943,-3.3887],[105.2821,-3.38804],[105.28549,-3.3875],[105.28953,-3.38737],[105.29503,-3.39019],[105.29555,-3.39038],[105.30766,-3.39461],[105.31564,-3.39733],[105.32614,-3.40155],[105.33161,-3.40253],[105.33617,-3.40409],[105.34106,-3.40667],[105.3659,-3.4081],[105.37064,-3.40704],[105.37476,-3.40568],[105.37915,-3.40298],[105.38258,-3.4011],[105.38719,-3.40047],[105.39563,-3.39953],[105.40128,-3.398],[105.4085,-3.39539],[105.41785,-3.39174],[105.42063,-3.39167],[105.42162,-3.39164],[105.42573,-3.3931],[105.42833,-3.39321],[105.43253,-3.39011],[105.4341,-3.38838],[105.43505,-3.38733],[105.43715,-3.38299],[105.43841,-3.3801],[105.43895,-3.37787],[105.44382,-3.37521],[105.44479,-3.36935],[105.44285,-3.36592],[105.44236,-3.36201],[105.44165,-3.35856],[105.44514,-3.35721],[105.45055,-3.35114],[105.45319,-3.34711],[105.45477,-3.34369],[105.4581,-3.33904],[105.45986,-3.33657],[105.46114,-3.33587],[105.46959,-3.33119],[105.4734,-3.33119],[105.47446,-3.33119],[105.47981,-3.33607],[105.48277,-3.33862],[105.48322,-3.33901],[105.48614,-3.33949],[105.48809,-3.339],[105.4957,-3.33687],[105.49684,-3.33656],[105.50283,-3.33407],[105.50512,-3.33313],[105.50998,-3.33215],[105.51339,-3.33166],[105.51738,-3.33253],[105.51985,-3.3302],[105.52016,-3.32996],[105.52234,-3.32823],[105.52358,-3.32502],[105.52259,-3.3223],[105.52233,-3.3186],[105.52342,-3.31513],[105.52767,-3.31198],[105.53104,-3.31045],[105.53675,-3.30698],[105.53999,-3.30328],[105.54229,-3.30058],[105.54272,-3.30007],[105.5462,-3.29662],[105.54893,-3.29069],[105.55217,-3.29192],[105.5549,-3.29316],[105.55993,-3.29335],[105.5641,-3.29192],[105.56659,-3.28944],[105.56957,-3.2855],[105.57195,-3.28138],[105.57445,-3.28041],[105.57239,-3.27871],[105.5746,-3.27695],[105.58194,-3.27347],[105.58487,-3.2725],[105.58671,-3.2719],[105.59025,-3.26915],[105.59344,-3.26831],[105.59492,-3.26799],[105.59641,-3.26552],[105.5979,-3.2628],[105.5979,-3.25959],[105.59839,-3.25712],[105.59963,-3.2549],[105.60212,-3.25416],[105.60411,-3.25391],[105.6056,-3.25441],[105.60759,-3.25539],[105.60859,-3.25687],[105.60981,-3.25814],[105.61081,-3.25928],[105.61135,-3.2604],[105.61227,-3.2614],[105.61295,-3.26216],[105.61433,-3.26352],[105.61556,-3.26427],[105.61779,-3.26403],[105.62003,-3.26204],[105.62152,-3.25982],[105.62351,-3.25834],[105.6249,-3.25568],[105.62462,-3.25401],[105.62429,-3.2517],[105.6234,-3.24931],[105.62323,-3.24687],[105.6251,-3.24524],[105.62636,-3.24454],[105.62926,-3.24525],[105.6313,-3.24661],[105.63329,-3.24966],[105.63355,-3.2519],[105.63395,-3.2539],[105.63691,-3.25712],[105.63697,-3.25718],[105.64003,-3.25734],[105.6415,-3.25717],[105.64368,-3.25664],[105.64559,-3.25629],[105.64702,-3.2555],[105.64891,-3.25389],[105.64944,-3.252],[105.64977,-3.25044],[105.64991,-3.2483],[105.6496,-3.24581],[105.65259,-3.24441],[105.65657,-3.24635],[105.65944,-3.24842],[105.66118,-3.25032],[105.66144,-3.25178],[105.66186,-3.25264],[105.66156,-3.25464],[105.66091,-3.25677],[105.66018,-3.25798],[105.65927,-3.25915],[105.65787,-3.26047],[105.6551,-3.26299],[105.65505,-3.26404],[105.65669,-3.26588],[105.65812,-3.26663],[105.66123,-3.26662],[105.66424,-3.26601],[105.66728,-3.26555],[105.66854,-3.26559],[105.67083,-3.26608],[105.67393,-3.26589],[105.67633,-3.26575],[105.67847,-3.26103],[105.67879,-3.2584],[105.67891,-3.25663],[105.684,-3.25577],[105.68527,-3.25833],[105.68635,-3.25992],[105.68941,-3.26299],[105.69213,-3.26465],[105.69547,-3.26585],[105.69712,-3.26929],[105.69614,-3.27207],[105.69504,-3.27381],[105.69402,-3.27628],[105.69383,-3.27845],[105.69393,-3.28032],[105.69536,-3.28239],[105.69702,-3.28276],[105.69875,-3.28276],[105.70071,-3.28184],[105.7027,-3.28011],[105.70494,-3.27903],[105.70739,-3.27883],[105.70871,-3.28016],[105.71011,-3.2824],[105.71096,-3.284],[105.71124,-3.28576],[105.7111,-3.28785],[105.711,-3.28871],[105.71094,-3.2892],[105.71089,-3.28963],[105.7109,-3.29033],[105.7131,-3.29213],[105.71588,-3.29394],[105.7175,-3.29525],[105.71734,-3.29932],[105.71416,-3.30332],[105.7145,-3.30735],[105.71456,-3.30812],[105.71947,-3.31236],[105.72334,-3.31569],[105.72412,-3.31731],[105.72213,-3.31931],[105.71895,-3.32131],[105.71776,-3.32611],[105.71895,-3.32851],[105.72247,-3.32778],[105.72611,-3.32411],[105.73089,-3.3249],[105.73374,-3.32389],[105.73606,-3.3197],[105.73955,-3.31914],[105.73957,-3.32482],[105.74017,-3.32698]]]]}},{"type":"Feature","properties":{"NAMOBJ":"Jejawi","WADMKC":"Jejawi","WADMKK":"Ogan Komering Ilir","WADMPR":"Sumatera Selatan","KDCPUM":"id1602121","KDPKAB":"16.02","JUMLAH_DESA":19,"CENTER_LAT":-3.17144,"CENTER_LNG":104.82693},"geometry":{"type":"MultiPolygon","coordinates":[[[[104.80034,-3.18361],[104.80038,-3.18358],[104.80039,-3.18357],[104.80031,-3.18355],[104.79763,-3.18282],[104.79674,-3.18121],[104.79606,-3.18072],[104.79787,-3.18014],[104.79902,-3.17954],[104.80007,-3.17877],[104.80041,-3.17781],[104.80091,-3.1775],[104.80153,-3.17738],[104.80241,-3.17596],[104.80127,-3.17548],[104.80048,-3.17495],[104.79988,-3.17461],[104.79957,-3.17433],[104.79938,-3.17397],[104.79928,-3.17348],[104.79933,-3.17245],[104.79967,-3.17161],[104.79998,-3.17113],[104.80084,-3.1707],[104.80099,-3.17064],[104.80156,-3.1691],[104.80304,-3.16825],[104.80375,-3.16784],[104.80378,-3.16785],[104.80482,-3.16799],[104.80605,-3.16803],[104.8069,-3.16799],[104.80788,-3.16792],[104.80867,-3.16787],[104.80934,-3.16776],[104.81004,-3.16754],[104.81065,-3.16721],[104.81106,-3.16699],[104.81201,-3.16653],[104.8128,-3.16624],[104.81327,-3.166],[104.81372,-3.16552],[104.81444,-3.16492],[104.81519,-3.16426],[104.81571,-3.16366],[104.81592,-3.16298],[104.81559,-3.16225],[104.81492,-3.16189],[104.81446,-3.16116],[104.81409,-3.1601],[104.81431,-3.15874],[104.81499,-3.15776],[104.81607,-3.15703],[104.81622,-3.15693],[104.81732,-3.1562],[104.81807,-3.15514],[104.81832,-3.15466],[104.81835,-3.15396],[104.81825,-3.1531],[104.81777,-3.15255],[104.81707,-3.15222],[104.816,-3.15227],[104.81557,-3.15234],[104.81533,-3.15238],[104.80882,-3.15327],[104.8075,-3.1534],[104.80747,-3.15339],[104.80666,-3.15341],[104.80666,-3.15341],[104.80753,-3.15338],[104.80818,-3.15285],[104.80893,-3.15169],[104.81012,-3.14984],[104.81084,-3.14915],[104.81124,-3.14911],[104.81169,-3.14885],[104.81225,-3.14845],[104.81288,-3.14809],[104.8134,-3.14756],[104.81442,-3.14704],[104.81508,-3.14666],[104.8157,-3.14631],[104.81612,-3.14621],[104.81684,-3.14565],[104.81744,-3.14519],[104.81826,-3.1441],[104.81796,-3.14265],[104.81674,-3.14092],[104.81668,-3.14084],[104.81602,-3.13948],[104.81578,-3.13897],[104.81508,-3.13751],[104.81502,-3.13679],[104.81474,-3.13386],[104.81423,-3.13303],[104.81248,-3.13279],[104.8119,-3.13314],[104.81106,-3.13326],[104.8105,-3.1333],[104.8095,-3.13294],[104.80768,-3.13294],[104.80467,-3.13294],[104.80315,-3.13357],[104.80291,-3.13357],[104.80117,-3.13435],[104.80029,-3.13471],[104.7987,-3.13536],[104.7975,-3.13485],[104.79673,-3.13426],[104.79638,-3.13399],[104.79632,-3.13402],[104.79629,-3.13404],[104.79619,-3.13405],[104.79625,-3.13402],[104.79629,-3.13398],[104.79545,-3.13339],[104.79418,-3.13261],[104.79306,-3.13105],[104.79305,-3.12988],[104.79303,-3.12823],[104.79303,-3.12793],[104.79361,-3.12559],[104.79374,-3.12547],[104.79474,-3.12452],[104.79593,-3.12269],[104.79597,-3.12234],[104.79599,-3.12198],[104.79601,-3.12172],[104.79636,-3.12142],[104.79649,-3.12131],[104.79707,-3.12079],[104.79954,-3.12054],[104.79992,-3.1205],[104.79975,-3.1199],[104.79983,-3.11966],[104.79968,-3.11948],[104.79961,-3.1194],[104.7995,-3.11902],[104.79947,-3.119],[104.79947,-3.11899],[104.80036,-3.11857],[104.80101,-3.11806],[104.80111,-3.11798],[104.8015,-3.11749],[104.80199,-3.11614],[104.80246,-3.11487],[104.8031,-3.11313],[104.80465,-3.10829],[104.80568,-3.10414],[104.80575,-3.1036],[104.80953,-3.0838],[104.80978,-3.08241],[104.80967,-3.08168],[104.80892,-3.08117],[104.80741,-3.08074],[104.79561,-3.07818],[104.78991,-3.07652],[104.78992,-3.07651],[104.79225,-3.07718],[104.79343,-3.07356],[104.79322,-3.0723],[104.79349,-3.07027],[104.79349,-3.07027],[104.79398,-3.06585],[104.7941,-3.06469],[104.79415,-3.06379],[104.79415,-3.06318],[104.79416,-3.06297],[104.8056,-3.06353],[104.8148,-3.06528],[104.8214,-3.06633],[104.8276,-3.06846],[104.8282,-3.06865],[104.82825,-3.069],[104.8287,-3.07228],[104.8284,-3.07776],[104.8333,-3.08489],[104.8327,-3.08584],[104.8331,-3.08664],[104.838,-3.09088],[104.8401,-3.09229],[104.8412,-3.09291],[104.8443,-3.09474],[104.8503,-3.09947],[104.8532,-3.10074],[104.8546,-3.10138],[104.85505,-3.10137],[104.85603,-3.10133],[104.8592,-3.10122],[104.8639,-3.09956],[104.8642,-3.09942],[104.8642,-3.09919],[104.8663,-3.09853],[104.8686,-3.09744],[104.8725,-3.09704],[104.8756,-3.09799],[104.8793,-3.09913],[104.8834,-3.10271],[104.8838,-3.10511],[104.8843,-3.10813],[104.88522,-3.11106],[104.88658,-3.11541],[104.88783,-3.11936],[104.8887,-3.12215],[104.8944,-3.12521],[104.89777,-3.12582],[104.8995,-3.12613],[104.9025,-3.12667],[104.9054,-3.12737],[104.9079,-3.13014],[104.90493,-3.13656],[104.9047,-3.13705],[104.9038,-3.14143],[104.9033,-3.14661],[104.9008,-3.15127],[104.9007,-3.15146],[104.89849,-3.15572],[104.91513,-3.16153],[104.91993,-3.16066],[104.92194,-3.16291],[104.92336,-3.16459],[104.93017,-3.16976],[104.94291,-3.17194],[104.94718,-3.17131],[104.94941,-3.17099],[104.94977,-3.17492],[104.94962,-3.17495],[104.94888,-3.17675],[104.94854,-3.17756],[104.94851,-3.17855],[104.94843,-3.18092],[104.94832,-3.18386],[104.94661,-3.18525],[104.94203,-3.18896],[104.94162,-3.18929],[104.93535,-3.19255],[104.93208,-3.1941],[104.92844,-3.19581],[104.91914,-3.20016],[104.91833,-3.20097],[104.91808,-3.20076],[104.91538,-3.20432],[104.89634,-3.23314],[104.89629,-3.2332],[104.89129,-3.23984],[104.88923,-3.24258],[104.8842,-3.24826],[104.8838,-3.24871],[104.88231,-3.2504],[104.87989,-3.25312],[104.87931,-3.25379],[104.87841,-3.25459],[104.87476,-3.25789],[104.87224,-3.25794],[104.87775,-3.262],[104.8759,-3.26226],[104.87453,-3.26244],[104.87121,-3.2629],[104.87033,-3.26302],[104.8654,-3.26369],[104.86281,-3.26404],[104.86034,-3.26438],[104.85682,-3.26486],[104.84001,-3.26716],[104.83969,-3.2672],[104.83906,-3.2644],[104.83794,-3.25942],[104.82889,-3.25954],[104.82567,-3.25959],[104.82309,-3.25962],[104.81967,-3.25967],[104.81301,-3.26039],[104.80769,-3.26096],[104.80756,-3.25536],[104.80755,-3.25536],[104.80856,-3.25075],[104.80819,-3.24942],[104.80809,-3.24912],[104.80805,-3.24901],[104.808,-3.24887],[104.80795,-3.24873],[104.80783,-3.24839],[104.80755,-3.24769],[104.80755,-3.24768],[104.80755,-3.24751],[104.80756,-3.24692],[104.80756,-3.24676],[104.80756,-3.24652],[104.80756,-3.24652],[104.80756,-3.2465],[104.80756,-3.24629],[104.80756,-3.24603],[104.80756,-3.24603],[104.80757,-3.24564],[104.80757,-3.24554],[104.80757,-3.24549],[104.80759,-3.2453],[104.80777,-3.24352],[104.80784,-3.24277],[104.80796,-3.24164],[104.80713,-3.24163],[104.80679,-3.24088],[104.8065,-3.23959],[104.80562,-3.23736],[104.80562,-3.23736],[104.80564,-3.23674],[104.80534,-3.23634],[104.80536,-3.23593],[104.80513,-3.23552],[104.80523,-3.23387],[104.80523,-3.23329],[104.80499,-3.23305],[104.8055,-3.23227],[104.80532,-3.23178],[104.8049,-3.23174],[104.80486,-3.23109],[104.80527,-3.23065],[104.80585,-3.2304],[104.80618,-3.2298],[104.80708,-3.22923],[104.80725,-3.22913],[104.80606,-3.22743],[104.8043,-3.22594],[104.8043,-3.22593],[104.80822,-3.22604],[104.80875,-3.22608],[104.81074,-3.22624],[104.81102,-3.22583],[104.81154,-3.22557],[104.81244,-3.22543],[104.81251,-3.22483],[104.8123,-3.2244],[104.81254,-3.22418],[104.81286,-3.22399],[104.81291,-3.22351],[104.8136,-3.22291],[104.81383,-3.22237],[104.81377,-3.22134],[104.81401,-3.22087],[104.81435,-3.22042],[104.81454,-3.2201],[104.81486,-3.21953],[104.81503,-3.21845],[104.81513,-3.218],[104.81537,-3.21764],[104.81615,-3.21708],[104.81606,-3.21576],[104.81561,-3.2144],[104.81553,-3.21372],[104.8155,-3.21342],[104.8155,-3.21308],[104.81537,-3.21225],[104.81468,-3.2109],[104.81445,-3.2102],[104.81361,-3.20801],[104.81315,-3.20692],[104.81241,-3.20566],[104.81136,-3.20407],[104.81129,-3.20399],[104.81093,-3.20357],[104.81062,-3.20317],[104.81014,-3.20259],[104.80964,-3.20207],[104.80739,-3.19992],[104.80702,-3.20015],[104.8074,-3.19991],[104.80706,-3.19892],[104.80656,-3.19749],[104.80614,-3.19627],[104.80556,-3.19535],[104.80464,-3.1932],[104.80453,-3.19305],[104.80363,-3.19171],[104.80087,-3.18975],[104.79998,-3.18904],[104.79944,-3.18815],[104.79935,-3.18803],[104.79909,-3.1877],[104.79887,-3.1862],[104.79888,-3.18618],[104.79934,-3.18442],[104.80034,-3.18361]]]]}},{"type":"Feature","properties":{"NAMOBJ":"Pangkalan Lampam","WADMKC":"Pangkalan Lampam","WADMKK":"Ogan Komering Ilir","WADMPR":"Sumatera Selatan","KDCPUM":"id1602131","KDPKAB":"16.02","JUMLAH_DESA":19,"CENTER_LAT":-3.09721,"CENTER_LNG":105.15266},"geometry":{"type":"MultiPolygon","coordinates":[[[[105.10699,-2.93101],[105.12199,-2.95137],[105.14436,-2.99634],[105.15868,-3.0293],[105.16252,-3.03813],[105.17648,-3.07622],[105.18549,-3.09809],[105.19043,-3.11008],[105.19753,-3.11246],[105.20231,-3.1127],[105.2028,-3.11272],[105.20787,-3.10915],[105.21069,-3.10717],[105.21727,-3.10055],[105.21727,-3.09632],[105.21648,-3.09262],[105.21858,-3.07569],[105.22121,-3.06775],[105.22647,-3.0614],[105.22489,-3.05399],[105.22462,-3.04288],[105.22752,-3.03918],[105.22968,-3.03799],[105.23331,-3.036],[105.23252,-3.03415],[105.23251,-3.0196],[105.2387,-3.0184],[105.24146,-3.0159],[105.24345,-3.01262],[105.24698,-3.00928],[105.2505,-3.00725],[105.25435,-3.00373],[105.25693,-2.99724],[105.25751,-2.99579],[105.25619,-2.99182],[105.25728,-2.98581],[105.26224,-2.97992],[105.26987,-2.97912],[105.27408,-2.97462],[105.27963,-2.97485],[105.2846,-2.9778],[105.28618,-2.9815],[105.28513,-2.98547],[105.28534,-2.9886],[105.28539,-2.98943],[105.28803,-2.99208],[105.29224,-2.99367],[105.29776,-2.99208],[105.30355,-2.9807],[105.3067,-2.97567],[105.3075,-2.9757],[105.31466,-2.97593],[105.32012,-2.97726],[105.3267,-2.98255],[105.33223,-2.98704],[105.33828,-2.98413],[105.34644,-2.98042],[105.35327,-2.97967],[105.3588,-2.98068],[105.36434,-2.98241],[105.37064,-2.98438],[105.37117,-2.98809],[105.37617,-2.99549],[105.37658,-2.99738],[105.37749,-3.00157],[105.37618,-3.00792],[105.3675,-3.02274],[105.34856,-3.04179],[105.33207,-3.05576],[105.29905,-3.08374],[105.26674,-3.11112],[105.25175,-3.127],[105.24754,-3.12912],[105.23907,-3.13111],[105.23836,-3.1306],[105.23633,-3.12911],[105.23583,-3.12385],[105.23135,-3.1231],[105.22836,-3.12335],[105.22537,-3.1241],[105.22089,-3.12686],[105.21765,-3.13287],[105.21367,-3.13337],[105.20993,-3.13512],[105.20097,-3.14939],[105.19873,-3.1544],[105.19698,-3.15891],[105.19741,-3.16451],[105.19748,-3.16542],[105.19854,-3.16715],[105.19942,-3.1686],[105.20022,-3.16992],[105.20172,-3.17393],[105.19948,-3.17819],[105.19674,-3.18194],[105.1945,-3.18795],[105.19312,-3.19488],[105.19301,-3.19546],[105.19126,-3.20222],[105.19052,-3.20648],[105.19166,-3.20816],[105.19749,-3.21674],[105.20297,-3.2235],[105.20522,-3.228],[105.2112,-3.23176],[105.21319,-3.23526],[105.21394,-3.24227],[105.21693,-3.24528],[105.21824,-3.24923],[105.21842,-3.24978],[105.21718,-3.25354],[105.21394,-3.25479],[105.20697,-3.25604],[105.20151,-3.26584],[105.20048,-3.26768],[105.19775,-3.27257],[105.1958,-3.27697],[105.19153,-3.28659],[105.1903,-3.28916],[105.18232,-3.30587],[105.18138,-3.31602],[105.18033,-3.3274],[105.17903,-3.35082],[105.17859,-3.35882],[105.17433,-3.35707],[105.15415,-3.34881],[105.10519,-3.33124],[105.10498,-3.33094],[105.10177,-3.32622],[105.1015,-3.31775],[105.09966,-3.31034],[105.09466,-3.30109],[105.08334,-3.28733],[105.08172,-3.28056],[105.07843,-3.26674],[105.07728,-3.26194],[105.06991,-3.25189],[105.06465,-3.24316],[105.06445,-3.24249],[105.06235,-3.23542],[105.06122,-3.2316],[105.06098,-3.2308],[105.06017,-3.22808],[105.06036,-3.22743],[105.06064,-3.22647],[105.06159,-3.2232],[105.06202,-3.22173],[105.06632,-3.20971],[105.06747,-3.2065],[105.06938,-3.20348],[105.07013,-3.19493],[105.07059,-3.18964],[105.07064,-3.18909],[105.07086,-3.18656],[105.07149,-3.1794],[105.06914,-3.16248],[105.06852,-3.158],[105.06833,-3.15665],[105.06276,-3.14965],[105.05878,-3.15043],[105.05101,-3.15195],[105.03996,-3.15226],[105.03591,-3.15238],[105.02839,-3.15259],[105.01382,-3.15301],[105.01225,-3.15374],[105.01148,-3.15409],[105.00145,-3.12956],[105.00297,-3.12791],[105.00507,-3.12712],[105.01629,-3.12452],[105.01826,-3.1225],[105.02006,-3.12065],[105.02088,-3.11981],[105.02469,-3.11591],[105.02776,-3.11332],[105.02857,-3.11259],[105.03126,-3.10472],[105.03189,-3.09984],[105.03213,-3.09158],[105.03224,-3.08875],[105.03228,-3.08733],[105.03236,-3.08461],[105.03237,-3.0818],[105.0329,-3.07706],[105.03321,-3.07457],[105.03329,-3.07278],[105.03377,-3.0621],[105.03372,-3.06001],[105.0337,-3.05951],[105.03356,-3.05433],[105.03342,-3.0491],[105.0354,-3.0384],[105.03582,-3.0362],[105.03598,-3.03539],[105.03654,-3.03248],[105.04068,-3.01689],[105.04141,-3.01283],[105.02229,-3.00826],[105.0225,-3.00726],[105.01958,-3.00734],[105.02127,-3.00493],[105.02695,-3.00452],[105.02614,-2.99922],[105.0233,-2.99677],[105.02695,-2.99636],[105.03548,-2.98207],[105.00977,-2.97114],[105.0154,-2.96748],[105.0193,-2.96499],[105.0392,-2.96384],[105.03932,-2.96366],[105.0425,-2.95904],[105.04546,-2.95605],[105.04724,-2.95426],[105.05444,-2.95412],[105.06163,-2.95399],[105.06462,-2.94986],[105.0657,-2.94993],[105.0693,-2.95062],[105.0719,-2.94456],[105.07216,-2.94335],[105.0783,-2.94103],[105.08452,-2.94067],[105.0887,-2.94111],[105.09237,-2.94193],[105.09436,-2.9375],[105.09504,-2.93598],[105.09597,-2.93175],[105.09498,-2.92616],[105.09475,-2.92359],[105.09444,-2.91998],[105.0943,-2.9183],[105.09389,-2.91586],[105.09752,-2.91725],[105.10699,-2.93101]]]]}},{"type":"Feature","properties":{"NAMOBJ":"Kayu Agung","WADMKC":"Kayu Agung","WADMKK":"Ogan Komering Ilir","WADMPR":"Sumatera Selatan","KDCPUM":"id1602060","KDPKAB":"16.02","JUMLAH_DESA":25,"CENTER_LAT":-3.39376,"CENTER_LNG":104.8407},"geometry":{"type":"MultiPolygon","coordinates":[[[[104.84355,-3.4376],[104.84339,-3.43782],[104.84047,-3.44174],[104.83854,-3.44433],[104.83804,-3.44571],[104.83614,-3.45097],[104.83612,-3.45101],[104.83545,-3.45288],[104.83504,-3.45414],[104.83419,-3.45704],[104.83399,-3.45771],[104.83399,-3.4593],[104.83376,-3.46066],[104.83372,-3.46089],[104.83265,-3.4606],[104.83264,-3.46063],[104.8303,-3.45995],[104.82849,-3.45943],[104.82618,-3.45876],[104.82346,-3.45797],[104.82153,-3.45741],[104.82054,-3.45712],[104.81772,-3.45719],[104.81552,-3.45725],[104.81537,-3.45726],[104.81535,-3.45726],[104.81412,-3.45736],[104.81465,-3.45339],[104.81475,-3.45267],[104.81262,-3.44839],[104.81254,-3.44593],[104.81254,-3.44592],[104.81254,-3.44589],[104.81233,-3.44585],[104.81228,-3.44536],[104.80723,-3.43684],[104.80566,-3.43127],[104.80483,-3.42836],[104.80462,-3.42832],[104.80738,-3.42483],[104.80768,-3.42445],[104.80902,-3.42275],[104.81026,-3.4182],[104.81036,-3.41783],[104.80952,-3.41366],[104.80673,-3.39981],[104.80599,-3.39615],[104.80544,-3.39343],[104.80636,-3.39051],[104.80657,-3.39052],[104.80559,-3.38769],[104.80558,-3.38767],[104.80593,-3.38745],[104.80668,-3.38732],[104.80737,-3.38702],[104.80783,-3.38682],[104.80794,-3.38671],[104.80818,-3.38649],[104.80827,-3.38594],[104.80829,-3.38557],[104.80803,-3.38351],[104.80821,-3.38298],[104.80873,-3.38142],[104.80862,-3.38002],[104.80947,-3.38003],[104.81092,-3.38003],[104.81097,-3.38003],[104.81115,-3.37812],[104.81135,-3.37602],[104.81152,-3.37377],[104.81371,-3.36878],[104.81398,-3.36736],[104.81734,-3.36855],[104.81778,-3.3667],[104.81809,-3.36465],[104.81821,-3.36383],[104.81869,-3.36203],[104.81888,-3.3602],[104.81897,-3.35935],[104.81915,-3.35766],[104.81836,-3.35403],[104.81792,-3.35333],[104.81737,-3.35267],[104.81682,-3.35258],[104.80971,-3.35144],[104.8097,-3.35145],[104.80737,-3.34722],[104.81014,-3.34633],[104.81028,-3.34628],[104.81287,-3.34544],[104.82087,-3.34285],[104.82863,-3.34034],[104.82916,-3.34017],[104.83194,-3.34016],[104.83546,-3.34014],[104.84074,-3.34011],[104.84131,-3.34011],[104.84496,-3.33825],[104.85301,-3.33415],[104.86141,-3.32987],[104.86213,-3.3295],[104.86244,-3.32935],[104.86226,-3.32836],[104.87213,-3.32431],[104.87357,-3.32415],[104.8841,-3.32296],[104.88432,-3.32293],[104.88598,-3.32274],[104.88641,-3.32278],[104.88861,-3.32297],[104.88933,-3.32303],[104.89539,-3.32355],[104.89647,-3.32364],[104.9083,-3.32836],[104.91194,-3.334],[104.91612,-3.34047],[104.92,-3.34031],[104.93015,-3.35725],[104.9334,-3.36073],[104.93409,-3.36373],[104.92754,-3.36931],[104.92085,-3.37502],[104.92082,-3.37504],[104.91756,-3.37782],[104.91516,-3.38445],[104.91412,-3.38735],[104.91283,-3.39724],[104.91282,-3.39731],[104.9055,-3.40467],[104.90506,-3.40511],[104.89838,-3.41076],[104.89824,-3.41084],[104.88747,-3.41676],[104.88739,-3.4168],[104.87768,-3.42136],[104.86668,-3.42652],[104.86478,-3.42741],[104.86221,-3.42835],[104.85287,-3.43176],[104.85077,-3.43253],[104.84867,-3.43329],[104.84605,-3.43425],[104.84355,-3.4376]]]]}},{"type":"Feature","properties":{"NAMOBJ":"Tanjung Lubuk","WADMKC":"Tanjung Lubuk","WADMKK":"Ogan Komering Ilir","WADMPR":"Sumatera Selatan","KDCPUM":"id1602050","KDPKAB":"16.02","JUMLAH_DESA":22,"CENTER_LAT":-3.56862,"CENTER_LNG":104.71676},"geometry":{"type":"MultiPolygon","coordinates":[[[[104.73284,-3.47606],[104.73299,-3.47926],[104.73367,-3.47924],[104.7338,-3.47958],[104.73372,-3.48097],[104.7331,-3.48142],[104.73315,-3.4817],[104.73362,-3.4822],[104.73477,-3.48236],[104.73485,-3.48304],[104.73513,-3.48375],[104.73558,-3.48423],[104.73644,-3.48436],[104.7366,-3.48473],[104.73764,-3.48488],[104.73762,-3.48551],[104.73837,-3.48599],[104.73903,-3.48646],[104.73911,-3.48654],[104.74065,-3.48628],[104.74083,-3.48625],[104.74153,-3.48544],[104.74205,-3.48514],[104.74214,-3.48474],[104.74232,-3.48453],[104.74243,-3.48146],[104.74243,-3.48131],[104.74258,-3.48086],[104.74298,-3.4797],[104.75715,-3.47272],[104.75789,-3.46883],[104.76072,-3.46833],[104.77105,-3.46253],[104.77437,-3.46086],[104.77842,-3.46265],[104.78386,-3.46538],[104.78413,-3.46552],[104.78143,-3.4673],[104.77368,-3.47242],[104.76748,-3.47652],[104.76329,-3.47928],[104.75644,-3.48215],[104.75671,-3.48241],[104.76669,-3.49222],[104.76871,-3.49419],[104.7673,-3.49598],[104.75504,-3.51142],[104.75446,-3.51204],[104.7536,-3.51295],[104.75346,-3.5131],[104.75074,-3.51439],[104.74805,-3.51568],[104.74811,-3.51946],[104.74815,-3.51961],[104.74837,-3.52033],[104.74838,-3.52036],[104.74976,-3.52023],[104.75278,-3.52209],[104.75883,-3.52582],[104.75959,-3.52628],[104.75961,-3.52628],[104.75969,-3.52628],[104.76021,-3.52642],[104.76158,-3.5268],[104.7624,-3.52791],[104.7625,-3.52805],[104.76269,-3.52839],[104.76309,-3.52914],[104.76414,-3.52995],[104.76516,-3.53085],[104.76542,-3.53231],[104.76547,-3.53233],[104.76594,-3.5361],[104.76657,-3.54115],[104.76537,-3.54274],[104.76534,-3.54285],[104.76541,-3.5429],[104.76472,-3.54521],[104.76471,-3.54521],[104.76471,-3.54524],[104.76347,-3.54569],[104.7617,-3.54638],[104.75978,-3.54705],[104.75614,-3.54839],[104.75592,-3.55178],[104.75557,-3.55728],[104.75522,-3.55722],[104.75536,-3.55884],[104.75543,-3.55973],[104.75451,-3.57036],[104.75442,-3.57131],[104.75593,-3.57169],[104.75578,-3.5725],[104.75775,-3.57256],[104.76548,-3.57282],[104.77423,-3.57311],[104.77448,-3.57312],[104.77442,-3.57355],[104.77579,-3.57362],[104.77615,-3.57719],[104.78595,-3.5756],[104.78567,-3.57736],[104.78536,-3.57938],[104.78457,-3.58446],[104.78422,-3.58667],[104.78249,-3.58658],[104.77525,-3.5862],[104.76087,-3.58545],[104.76086,-3.58545],[104.75966,-3.58538],[104.75714,-3.5847],[104.75285,-3.58355],[104.75219,-3.58337],[104.74786,-3.58739],[104.74034,-3.59356],[104.73866,-3.59494],[104.73843,-3.59513],[104.73938,-3.60351],[104.7397,-3.6051],[104.73977,-3.60546],[104.73955,-3.60542],[104.74058,-3.60854],[104.74386,-3.61844],[104.7462,-3.62551],[104.74629,-3.62578],[104.74995,-3.6347],[104.75153,-3.63804],[104.75729,-3.65023],[104.75802,-3.65176],[104.75881,-3.6523],[104.76138,-3.65406],[104.77471,-3.66318],[104.77441,-3.66355],[104.76996,-3.66906],[104.76419,-3.67623],[104.76326,-3.67738],[104.76318,-3.67749],[104.76308,-3.6776],[104.76308,-3.6776],[104.76309,-3.6776],[104.76045,-3.6812],[104.75791,-3.68042],[104.75656,-3.68001],[104.74513,-3.67646],[104.74007,-3.6749],[104.73984,-3.67471],[104.73837,-3.67357],[104.73893,-3.66902],[104.73893,-3.66637],[104.73457,-3.66049],[104.73325,-3.65935],[104.72851,-3.6567],[104.7213,-3.65329],[104.71884,-3.65272],[104.70601,-3.6499],[104.705,-3.64968],[104.70462,-3.6493],[104.7014,-3.6493],[104.69799,-3.64949],[104.69335,-3.65007],[104.6811,-3.65161],[104.66389,-3.65774],[104.66156,-3.65857],[104.65675,-3.65467],[104.6565,-3.65446],[104.6562,-3.65474],[104.65279,-3.6579],[104.6485,-3.65675],[104.6484,-3.65625],[104.64765,-3.65245],[104.64263,-3.65506],[104.64361,-3.65364],[104.64271,-3.6521],[104.64195,-3.64747],[104.64323,-3.64452],[104.6422,-3.64448],[104.64233,-3.64117],[104.6431,-3.64053],[104.64298,-3.63487],[104.64298,-3.63385],[104.64311,-3.63269],[104.64265,-3.63268],[104.64311,-3.6287],[104.64208,-3.62742],[104.64208,-3.62613],[104.64182,-3.62478],[104.64221,-3.62485],[104.64247,-3.62202],[104.64285,-3.62009],[104.64324,-3.61868],[104.64324,-3.61765],[104.64301,-3.61628],[104.64298,-3.6161],[104.64362,-3.61443],[104.64324,-3.61302],[104.64454,-3.61215],[104.64445,-3.61005],[104.64444,-3.60986],[104.64529,-3.60981],[104.64529,-3.60865],[104.64491,-3.60621],[104.64522,-3.60497],[104.64555,-3.60364],[104.64642,-3.60111],[104.64672,-3.60092],[104.64601,-3.60087],[104.64719,-3.60016],[104.64834,-3.59811],[104.6492,-3.59468],[104.64921,-3.59395],[104.64929,-3.59001],[104.64892,-3.58877],[104.64922,-3.58877],[104.64895,-3.58568],[104.64861,-3.58238],[104.64865,-3.58058],[104.64891,-3.57874],[104.64893,-3.57871],[104.64886,-3.5787],[104.64869,-3.57865],[104.64895,-3.57732],[104.64921,-3.57634],[104.64921,-3.57634],[104.64993,-3.57385],[104.65062,-3.56914],[104.65091,-3.56725],[104.65098,-3.56711],[104.65185,-3.56503],[104.65363,-3.56401],[104.65864,-3.55816],[104.66071,-3.55574],[104.6631,-3.55295],[104.66658,-3.54723],[104.66818,-3.5446],[104.66957,-3.54163],[104.66988,-3.54005],[104.67254,-3.52618],[104.67301,-3.52371],[104.67367,-3.52026],[104.67938,-3.5022],[104.67922,-3.49969],[104.67882,-3.49331],[104.69059,-3.48816],[104.69651,-3.48557],[104.70227,-3.47495],[104.70809,-3.46609],[104.70809,-3.46609],[104.70862,-3.46527],[104.71086,-3.46632],[104.71082,-3.46651],[104.71089,-3.46654],[104.71805,-3.4697],[104.72232,-3.47158],[104.72654,-3.47344],[104.72681,-3.47355],[104.73284,-3.47606]]],[[[104.64177,-3.65551],[104.64045,-3.6562],[104.64067,-3.65583],[104.64177,-3.65551]]]]}},{"type":"Feature","properties":{"NAMOBJ":"Sirah Pulau Padang","WADMKC":"Sirah Pulau Padang","WADMKK":"Ogan Komering Ilir","WADMPR":"Sumatera Selatan","KDCPUM":"id1602120","KDPKAB":"16.02","JUMLAH_DESA":20,"CENTER_LAT":-3.29747,"CENTER_LNG":104.84966},"geometry":{"type":"MultiPolygon","coordinates":[[[[104.81285,-3.30686],[104.8123,-3.30619],[104.81078,-3.30545],[104.80955,-3.30515],[104.80795,-3.30475],[104.80656,-3.30478],[104.80569,-3.30488],[104.80384,-3.30477],[104.8035,-3.30329],[104.80281,-3.30202],[104.80251,-3.30104],[104.80188,-3.2998],[104.80165,-3.29966],[104.80052,-3.29964],[104.79892,-3.29959],[104.79837,-3.29927],[104.79819,-3.29883],[104.79821,-3.29853],[104.79842,-3.2981],[104.79881,-3.29771],[104.79971,-3.29753],[104.80049,-3.29711],[104.80103,-3.29681],[104.80149,-3.29617],[104.80162,-3.29578],[104.80139,-3.29495],[104.80096,-3.29399],[104.80094,-3.29387],[104.80067,-3.29276],[104.80038,-3.29222],[104.79978,-3.29112],[104.79962,-3.28991],[104.79991,-3.28938],[104.80059,-3.28707],[104.80084,-3.28602],[104.80105,-3.28516],[104.80113,-3.28499],[104.80151,-3.28495],[104.80247,-3.28265],[104.8047,-3.27981],[104.8049,-3.27909],[104.80483,-3.27778],[104.8046,-3.27754],[104.80359,-3.2765],[104.80163,-3.27551],[104.79894,-3.27408],[104.79866,-3.2739],[104.79852,-3.27347],[104.79897,-3.27185],[104.79918,-3.27128],[104.80783,-3.26688],[104.80769,-3.26096],[104.81301,-3.26039],[104.81967,-3.25967],[104.82309,-3.25962],[104.82567,-3.25959],[104.82889,-3.25954],[104.83794,-3.25942],[104.83906,-3.2644],[104.83969,-3.2672],[104.84001,-3.26716],[104.85682,-3.26486],[104.86034,-3.26438],[104.86281,-3.26404],[104.8654,-3.26369],[104.87033,-3.26302],[104.87121,-3.2629],[104.87453,-3.26244],[104.8759,-3.26226],[104.87775,-3.262],[104.87224,-3.25794],[104.87476,-3.25789],[104.87841,-3.25459],[104.87931,-3.25379],[104.87989,-3.25312],[104.88231,-3.2504],[104.8838,-3.24871],[104.8842,-3.24826],[104.88923,-3.24258],[104.89129,-3.23984],[104.89629,-3.2332],[104.89634,-3.23314],[104.91538,-3.20432],[104.91808,-3.20076],[104.91833,-3.20097],[104.91828,-3.20102],[104.91987,-3.20268],[104.92001,-3.20646],[104.92022,-3.21493],[104.92173,-3.22167],[104.9213,-3.22536],[104.92101,-3.22634],[104.92007,-3.22958],[104.91914,-3.23275],[104.91827,-3.23861],[104.91808,-3.24307],[104.91806,-3.24361],[104.91811,-3.24545],[104.91819,-3.24831],[104.91819,-3.24852],[104.91829,-3.25205],[104.91833,-3.25338],[104.91857,-3.26209],[104.9187,-3.26686],[104.91978,-3.27121],[104.92195,-3.27468],[104.92605,-3.27729],[104.93063,-3.27806],[104.93254,-3.27838],[104.93708,-3.2786],[104.94332,-3.28334],[104.94508,-3.28468],[104.94918,-3.28968],[104.94914,-3.29071],[104.94892,-3.29577],[104.94702,-3.30119],[104.9458,-3.30894],[104.94572,-3.30945],[104.94572,-3.31184],[104.94716,-3.31714],[104.94767,-3.31901],[104.94875,-3.32292],[104.94789,-3.32618],[104.9468,-3.32857],[104.94291,-3.33096],[104.92843,-3.33552],[104.9241,-3.33704],[104.91999,-3.3403],[104.92,-3.34031],[104.91612,-3.34047],[104.91194,-3.334],[104.9083,-3.32836],[104.89647,-3.32364],[104.89539,-3.32355],[104.88933,-3.32303],[104.88861,-3.32297],[104.88641,-3.32278],[104.88598,-3.32274],[104.88432,-3.32293],[104.8841,-3.32296],[104.87357,-3.32415],[104.87213,-3.32431],[104.86226,-3.32836],[104.86244,-3.32935],[104.86213,-3.3295],[104.86141,-3.32987],[104.85301,-3.33415],[104.84496,-3.33825],[104.84131,-3.34011],[104.84074,-3.34011],[104.83546,-3.34014],[104.83194,-3.34016],[104.82916,-3.34017],[104.82863,-3.34034],[104.82087,-3.34285],[104.81287,-3.34544],[104.81028,-3.34628],[104.81014,-3.34633],[104.80737,-3.34722],[104.8072,-3.34691],[104.8071,-3.34673],[104.80806,-3.34572],[104.80848,-3.34445],[104.80824,-3.34333],[104.80984,-3.34246],[104.80975,-3.34228],[104.80997,-3.34138],[104.8104,-3.34006],[104.81049,-3.33945],[104.81069,-3.33892],[104.81083,-3.33861],[104.81087,-3.33854],[104.81111,-3.33813],[104.81201,-3.33746],[104.81268,-3.33716],[104.81348,-3.33691],[104.81406,-3.33695],[104.815,-3.33719],[104.8154,-3.33712],[104.81571,-3.33684],[104.81586,-3.33628],[104.81598,-3.33535],[104.81608,-3.33461],[104.81646,-3.33371],[104.81655,-3.33279],[104.8166,-3.33152],[104.81691,-3.33068],[104.81704,-3.32991],[104.81704,-3.32973],[104.81696,-3.32952],[104.81681,-3.32932],[104.81602,-3.32826],[104.81543,-3.3273],[104.81432,-3.32595],[104.81323,-3.32414],[104.81296,-3.32357],[104.81284,-3.32327],[104.8128,-3.32319],[104.81277,-3.32278],[104.8128,-3.32193],[104.81178,-3.3219],[104.81216,-3.32181],[104.81216,-3.32181],[104.81314,-3.32158],[104.8132,-3.31867],[104.81419,-3.3159],[104.81431,-3.31532],[104.81462,-3.31386],[104.81473,-3.31336],[104.81562,-3.31233],[104.81549,-3.31106],[104.81448,-3.30924],[104.8138,-3.30802],[104.81285,-3.30686]]]]}},{"type":"Feature","properties":{"NAMOBJ":"Mesuji Raya","WADMKC":"Mesuji Raya","WADMKK":"Ogan Komering Ilir","WADMPR":"Sumatera Selatan","KDCPUM":"id1602023","KDPKAB":"16.02","JUMLAH_DESA":17,"CENTER_LAT":-3.73705,"CENTER_LNG":105.10033},"geometry":{"type":"MultiPolygon","coordinates":[[[[105.21565,-3.65764],[105.21946,-3.65901],[105.22024,-3.65866],[105.21965,-3.66257],[105.21979,-3.6663],[105.22085,-3.6683],[105.22324,-3.67003],[105.22549,-3.6707],[105.22894,-3.67083],[105.23292,-3.67043],[105.23464,-3.66897],[105.23743,-3.66817],[105.24167,-3.66896],[105.24339,-3.67149],[105.24353,-3.67469],[105.24326,-3.67496],[105.243,-3.67789],[105.24313,-3.68189],[105.24353,-3.68468],[105.24406,-3.68828],[105.24524,-3.69229],[105.24539,-3.69281],[105.24658,-3.69601],[105.24897,-3.69894],[105.25282,-3.70227],[105.2564,-3.70506],[105.25863,-3.70559],[105.25865,-3.7056],[105.25892,-3.70866],[105.25879,-3.71159],[105.25824,-3.71294],[105.25825,-3.71443],[105.25587,-3.719],[105.25404,-3.72085],[105.24997,-3.72287],[105.24869,-3.72443],[105.2493,-3.72656],[105.25465,-3.72947],[105.25632,-3.72997],[105.25876,-3.73155],[105.25863,-3.73517],[105.25756,-3.73753],[105.25538,-3.73956],[105.25394,-3.7409],[105.24973,-3.74292],[105.24337,-3.75489],[105.237,-3.75757],[105.23621,-3.75747],[105.2216,-3.75552],[105.20004,-3.76584],[105.19408,-3.77615],[105.19014,-3.77843],[105.18585,-3.78091],[105.15938,-3.79617],[105.15674,-3.79816],[105.14595,-3.80626],[105.14353,-3.80911],[105.13109,-3.82375],[105.13101,-3.82384],[105.131,-3.82385],[105.131,-3.82384],[105.13065,-3.82373],[105.12837,-3.82296],[105.12425,-3.82157],[105.1201,-3.82017],[105.11482,-3.82601],[105.10516,-3.8261],[105.10177,-3.82613],[105.10138,-3.83368],[105.10136,-3.83413],[105.10075,-3.83417],[105.08936,-3.83482],[105.06266,-3.83635],[105.06226,-3.83887],[105.06178,-3.8419],[105.06596,-3.84927],[105.06477,-3.85256],[105.06421,-3.8541],[105.06436,-3.86166],[105.06446,-3.8662],[105.06485,-3.86636],[105.05848,-3.87104],[105.05795,-3.87143],[105.05644,-3.87483],[105.05616,-3.87547],[105.05387,-3.87824],[105.05208,-3.87809],[105.0516,-3.87917],[104.99811,-3.85894],[104.99921,-3.85504],[105.00057,-3.85022],[104.99314,-3.84877],[104.97704,-3.84459],[104.96992,-3.84278],[104.96982,-3.84015],[104.9697,-3.8371],[104.96962,-3.83518],[104.96943,-3.83038],[104.96896,-3.82614],[104.97035,-3.81748],[104.9739,-3.81783],[104.9796,-3.81676],[104.9828,-3.8139],[104.98458,-3.81033],[104.98601,-3.80774],[104.98813,-3.8039],[104.98813,-3.80104],[104.98722,-3.79798],[104.98707,-3.79747],[104.98315,-3.7989],[104.96999,-3.79961],[104.96989,-3.79438],[104.96984,-3.79208],[104.96946,-3.77346],[104.9699,-3.75256],[104.9699,-3.75212],[104.97034,-3.73146],[104.97035,-3.72879],[104.97035,-3.72851],[104.97355,-3.72851],[104.9742,-3.72624],[104.97426,-3.72601],[104.9753,-3.72596],[104.98244,-3.72565],[104.98287,-3.7178],[104.98312,-3.71302],[104.98316,-3.71243],[104.98482,-3.71243],[104.99278,-3.71243],[104.99766,-3.71243],[105.00353,-3.71243],[105.00538,-3.71243],[105.01449,-3.71243],[105.01694,-3.71243],[105.01801,-3.71064],[105.02121,-3.71064],[105.02441,-3.70493],[105.025,-3.70493],[105.03188,-3.70493],[105.03259,-3.70385],[105.03508,-3.70385],[105.04113,-3.70349],[105.04184,-3.70198],[105.0419,-3.69962],[105.04002,-3.69415],[105.0376,-3.69172],[105.03524,-3.68989],[105.03175,-3.68928],[105.02835,-3.68829],[105.02445,-3.68675],[105.02381,-3.6865],[105.02334,-3.68631],[105.02334,-3.685],[105.02335,-3.68492],[105.02379,-3.68442],[105.0269,-3.68099],[105.026,-3.6795],[105.02014,-3.66991],[105.0141,-3.66348],[105.01268,-3.65991],[105.0141,-3.65562],[105.01815,-3.65094],[105.02041,-3.64832],[105.02274,-3.64563],[105.02533,-3.64263],[105.03212,-3.64278],[105.04349,-3.64303],[105.05144,-3.64321],[105.05678,-3.64112],[105.06005,-3.64351],[105.0749,-3.6438],[105.08632,-3.6646],[105.08638,-3.66472],[105.08768,-3.66708],[105.09059,-3.66566],[105.09748,-3.6623],[105.10639,-3.66409],[105.10906,-3.66678],[105.10982,-3.66704],[105.11873,-3.67019],[105.12005,-3.67066],[105.12154,-3.67603],[105.12102,-3.67862],[105.12094,-3.67901],[105.12462,-3.67915],[105.14495,-3.67992],[105.15243,-3.6802],[105.15356,-3.67527],[105.15688,-3.6608],[105.16265,-3.65058],[105.17089,-3.65159],[105.17712,-3.65235],[105.18627,-3.65347],[105.2132,-3.65676],[105.21565,-3.65764]]]]}},{"type":"Feature","properties":{"NAMOBJ":"Air Sugihan","WADMKC":"Air Sugihan","WADMKK":"Ogan Komering Ilir","WADMPR":"Sumatera Selatan","KDCPUM":"id1602140","KDPKAB":"16.02","JUMLAH_DESA":19,"CENTER_LAT":-2.6086,"CENTER_LNG":105.34457},"geometry":{"type":"MultiPolygon","coordinates":[[[[105.20795,-2.72977],[105.20787,-2.72946],[105.20791,-2.72871],[105.20792,-2.72855],[105.20824,-2.728],[105.20858,-2.72748],[105.20989,-2.72611],[105.2117,-2.72432],[105.21281,-2.72322],[105.21283,-2.72315],[105.21401,-2.71953],[105.2142,-2.71895],[105.21647,-2.71534],[105.21652,-2.71362],[105.21656,-2.71248],[105.21656,-2.71177],[105.21716,-2.71214],[105.21717,-2.71213],[105.2174,-2.71093],[105.21733,-2.70936],[105.21721,-2.70675],[105.2172,-2.70644],[105.21718,-2.70471],[105.21717,-2.70428],[105.2171,-2.69906],[105.2165,-2.69369],[105.21604,-2.69112],[105.21647,-2.68854],[105.2164,-2.68746],[105.21639,-2.6874],[105.2162,-2.68646],[105.2159,-2.68541],[105.21554,-2.68461],[105.21508,-2.68361],[105.21423,-2.68255],[105.2139,-2.68112],[105.2117,-2.67732],[105.2089,-2.67409],[105.2055,-2.66988],[105.2028,-2.66555],[105.2008,-2.66192],[105.2,-2.66048],[105.1964,-2.65506],[105.1934,-2.65425],[105.19026,-2.65411],[105.1895,-2.65407],[105.1813,-2.65298],[105.1761,-2.64946],[105.17564,-2.64817],[105.17543,-2.64757],[105.1754,-2.64748],[105.17539,-2.64746],[105.17536,-2.64738],[105.17532,-2.64729],[105.17522,-2.64703],[105.1746,-2.64548],[105.1746,-2.64548],[105.1756,-2.64162],[105.17647,-2.64003],[105.1768,-2.63943],[105.1798,-2.63608],[105.185,-2.63366],[105.1885,-2.63401],[105.1926,-2.63516],[105.198,-2.63603],[105.20362,-2.63459],[105.2043,-2.63442],[105.20587,-2.6325],[105.20576,-2.63235],[105.2052,-2.63154],[105.20522,-2.63149],[105.20568,-2.63074],[105.20616,-2.62973],[105.20625,-2.62889],[105.20635,-2.62826],[105.20647,-2.62764],[105.20827,-2.62634],[105.20954,-2.62542],[105.2098,-2.62445],[105.2097,-2.62347],[105.2095,-2.62106],[105.2093,-2.61874],[105.21,-2.61643],[105.2115,-2.61211],[105.2125,-2.60848],[105.21224,-2.60684],[105.2119,-2.60467],[105.2092,-2.60069],[105.2034,-2.59498],[105.2023,-2.59266],[105.20138,-2.59065],[105.2013,-2.59048],[105.2024,-2.58529],[105.20367,-2.58325],[105.20401,-2.58342],[105.20615,-2.58381],[105.2085,-2.5836],[105.21318,-2.58485],[105.21837,-2.58672],[105.22367,-2.58685],[105.22836,-2.58707],[105.2295,-2.58192],[105.23002,-2.58113],[105.23299,-2.57658],[105.2374,-2.57116],[105.23829,-2.56996],[105.24088,-2.56645],[105.24335,-2.56135],[105.24512,-2.55844],[105.24734,-2.55479],[105.24745,-2.5549],[105.24953,-2.5549],[105.25175,-2.55406],[105.25385,-2.5526],[105.25436,-2.55221],[105.25864,-2.5493],[105.26026,-2.54683],[105.26093,-2.54584],[105.26166,-2.5448],[105.2623,-2.54365],[105.26315,-2.54278],[105.26421,-2.54194],[105.26521,-2.54116],[105.26621,-2.54059],[105.26939,-2.53808],[105.27061,-2.53667],[105.27079,-2.53563],[105.27083,-2.53543],[105.27084,-2.53539],[105.27097,-2.53476],[105.271,-2.53375],[105.2717,-2.53377],[105.2718,-2.53069],[105.2719,-2.52962],[105.2722,-2.52622],[105.2747,-2.52259],[105.27684,-2.52095],[105.27764,-2.52055],[105.27807,-2.52021],[105.27991,-2.51873],[105.28064,-2.51784],[105.28245,-2.51504],[105.28279,-2.51424],[105.28325,-2.51347],[105.28372,-2.51257],[105.2856,-2.51014],[105.28644,-2.50964],[105.28961,-2.50813],[105.29051,-2.50811],[105.29352,-2.50807],[105.29476,-2.50835],[105.29553,-2.50855],[105.29667,-2.5086],[105.29702,-2.50861],[105.29842,-2.50836],[105.29896,-2.50825],[105.30047,-2.50727],[105.30157,-2.50559],[105.30218,-2.5041],[105.3029,-2.50357],[105.3036,-2.50309],[105.3062,-2.50138],[105.30778,-2.50078],[105.30819,-2.5008],[105.30944,-2.50067],[105.31004,-2.50039],[105.31072,-2.49974],[105.31075,-2.49965],[105.3109,-2.4996],[105.3132,-2.49827],[105.3145,-2.49539],[105.3143,-2.49479],[105.31343,-2.49271],[105.3131,-2.49193],[105.3113,-2.48864],[105.3108,-2.48437],[105.3123,-2.48155],[105.317,-2.47636],[105.3197,-2.47354],[105.3215,-2.47094],[105.3232,-2.46835],[105.3255,-2.46685],[105.32927,-2.46534],[105.3298,-2.46512],[105.33252,-2.46326],[105.33254,-2.46326],[105.33254,-2.46325],[105.3335,-2.46259],[105.3347,-2.46063],[105.335,-2.45717],[105.3347,-2.45359],[105.3347,-2.45008],[105.33643,-2.44792],[105.33648,-2.44792],[105.33789,-2.44794],[105.33965,-2.44796],[105.33994,-2.44793],[105.34003,-2.44792],[105.34116,-2.4478],[105.34295,-2.44756],[105.34372,-2.44712],[105.34457,-2.44687],[105.34526,-2.44626],[105.34587,-2.44605],[105.34656,-2.44578],[105.35102,-2.44444],[105.35209,-2.44456],[105.35328,-2.44513],[105.35454,-2.44586],[105.35634,-2.44734],[105.35732,-2.44864],[105.35787,-2.44951],[105.35842,-2.45028],[105.35904,-2.45128],[105.35965,-2.4519],[105.36077,-2.45209],[105.36198,-2.45163],[105.36377,-2.45035],[105.36452,-2.44958],[105.3659,-2.44687],[105.36605,-2.4466],[105.36634,-2.44638],[105.3675,-2.44548],[105.37103,-2.4449],[105.37263,-2.444],[105.3737,-2.444],[105.37562,-2.44443],[105.37678,-2.44471],[105.37756,-2.44491],[105.37872,-2.44505],[105.37996,-2.44553],[105.38008,-2.44564],[105.38119,-2.4467],[105.3821,-2.44765],[105.38304,-2.44872],[105.38391,-2.44962],[105.38473,-2.45026],[105.38574,-2.45055],[105.38581,-2.45052],[105.38849,-2.44962],[105.38917,-2.44939],[105.39052,-2.44882],[105.39157,-2.44828],[105.39257,-2.44873],[105.39374,-2.44931],[105.39497,-2.45047],[105.39514,-2.45071],[105.39598,-2.45193],[105.3973,-2.45366],[105.39808,-2.45462],[105.39904,-2.45585],[105.4002,-2.45644],[105.4016,-2.45631],[105.40305,-2.45557],[105.40317,-2.45551],[105.40491,-2.45451],[105.40644,-2.45351],[105.40843,-2.45237],[105.41093,-2.45068],[105.41351,-2.44922],[105.41523,-2.44854],[105.41678,-2.44807],[105.41843,-2.44889],[105.41914,-2.44968],[105.41989,-2.45087],[105.42085,-2.45167],[105.42188,-2.4518],[105.42279,-2.4509],[105.42403,-2.44928],[105.42485,-2.44837],[105.42597,-2.44768],[105.42675,-2.44727],[105.42762,-2.4475],[105.42849,-2.44738],[105.42942,-2.44789],[105.43052,-2.44871],[105.43121,-2.44946],[105.43239,-2.4506],[105.43376,-2.45031],[105.43564,-2.45008],[105.43939,-2.4496],[105.44092,-2.44972],[105.44227,-2.44999],[105.44412,-2.4505],[105.44538,-2.45132],[105.44713,-2.45298],[105.44727,-2.45309],[105.44892,-2.45447],[105.44981,-2.4562],[105.45088,-2.45809],[105.45186,-2.45967],[105.45236,-2.45975],[105.45335,-2.45992],[105.45453,-2.45992],[105.45575,-2.45944],[105.45815,-2.45835],[105.4592,-2.4581],[105.46036,-2.45842],[105.46285,-2.46013],[105.46507,-2.46121],[105.46588,-2.46148],[105.46784,-2.46212],[105.46912,-2.46239],[105.47026,-2.46285],[105.4717,-2.4626],[105.47191,-2.46249],[105.47298,-2.46187],[105.4725,-2.46099],[105.47115,-2.45957],[105.47045,-2.45867],[105.46978,-2.45671],[105.47004,-2.4551],[105.47283,-2.45284],[105.47493,-2.45193],[105.47713,-2.45081],[105.47868,-2.44919],[105.48029,-2.44726],[105.4823,-2.44585],[105.4842,-2.44578],[105.48591,-2.44749],[105.48749,-2.44881],[105.48961,-2.44963],[105.49171,-2.44987],[105.49416,-2.45005],[105.49533,-2.44791],[105.49512,-2.44652],[105.49435,-2.44342],[105.49453,-2.4415],[105.49534,-2.43965],[105.49728,-2.43826],[105.49913,-2.43787],[105.50255,-2.43651],[105.50368,-2.43605],[105.50679,-2.43391],[105.50851,-2.43273],[105.50936,-2.43209],[105.51018,-2.43154],[105.51096,-2.43115],[105.51249,-2.43034],[105.51297,-2.43017],[105.51329,-2.43006],[105.51409,-2.42981],[105.51526,-2.42945],[105.51663,-2.4292],[105.51718,-2.42878],[105.51905,-2.42783],[105.5201,-2.42719],[105.52068,-2.42694],[105.52166,-2.42619],[105.52214,-2.42576],[105.52278,-2.42503],[105.52344,-2.42448],[105.52386,-2.424],[105.52461,-2.42332],[105.52642,-2.42147],[105.52697,-2.42113],[105.52772,-2.42067],[105.52825,-2.42033],[105.5288,-2.41997],[105.52937,-2.41967],[105.52999,-2.41929],[105.53207,-2.41812],[105.53273,-2.41778],[105.53344,-2.41755],[105.53472,-2.41722],[105.53541,-2.4171],[105.53625,-2.41696],[105.53689,-2.41691],[105.53756,-2.4168],[105.53829,-2.41664],[105.53906,-2.41651],[105.53975,-2.41639],[105.54046,-2.41639],[105.54149,-2.41632],[105.54236,-2.41607],[105.54983,-2.41466],[105.55052,-2.41467],[105.55511,-2.41419],[105.55767,-2.41318],[105.56153,-2.41596],[105.56367,-2.41696],[105.56369,-2.41696],[105.56945,-2.41832],[105.57416,-2.41736],[105.58168,-2.41491],[105.58473,-2.41321],[105.5919,-2.40949],[105.59721,-2.40651],[105.60205,-2.40321],[105.60856,-2.39771],[105.612,-2.39421],[105.61278,-2.39122],[105.61429,-2.38962],[105.61689,-2.38841],[105.61923,-2.38884],[105.6228,-2.39157],[105.62602,-2.39518],[105.62718,-2.39883],[105.6287,-2.40201],[105.63156,-2.40804],[105.63329,-2.41758],[105.63243,-2.42627],[105.63284,-2.42997],[105.63372,-2.43413],[105.63314,-2.4377],[105.63196,-2.44098],[105.63167,-2.44544],[105.6302,-2.44812],[105.62931,-2.45199],[105.62784,-2.45407],[105.62755,-2.45675],[105.62667,-2.45972],[105.62608,-2.4627],[105.62347,-2.46534],[105.62343,-2.46538],[105.62255,-2.46895],[105.6199,-2.47371],[105.61754,-2.4761],[105.6164,-2.47857],[105.61577,-2.48],[105.61538,-2.48219],[105.61499,-2.48427],[105.61415,-2.4875],[105.61233,-2.49062],[105.6127,-2.49159],[105.61256,-2.49308],[105.61189,-2.49529],[105.61134,-2.49911],[105.60994,-2.50097],[105.61008,-2.50389],[105.60813,-2.50733],[105.60725,-2.5106],[105.60666,-2.51328],[105.6049,-2.52607],[105.60402,-2.53262],[105.60402,-2.53559],[105.60343,-2.53857],[105.60461,-2.54095],[105.60432,-2.54511],[105.60433,-2.55761],[105.60653,-2.56853],[105.6074,-2.58544],[105.6087,-2.59411],[105.61258,-2.60235],[105.6156,-2.60538],[105.62035,-2.61882],[105.62633,-2.62978],[105.62768,-2.63226],[105.63286,-2.64092],[105.63613,-2.6433],[105.64063,-2.64656],[105.64504,-2.65121],[105.64925,-2.65566],[105.65745,-2.66476],[105.66349,-2.66779],[105.66737,-2.66952],[105.67211,-2.67386],[105.67772,-2.67558],[105.68893,-2.68208],[105.69195,-2.68252],[105.70113,-2.6851],[105.71135,-2.68597],[105.72041,-2.68727],[105.73636,-2.68899],[105.74973,-2.68942],[105.75878,-2.68681],[105.76568,-2.68464],[105.77085,-2.68247],[105.78263,-2.68131],[105.78589,-2.68513],[105.78692,-2.68962],[105.78643,-2.68949],[105.7783,-2.69768],[105.76853,-2.70588],[105.73158,-2.72688],[105.67177,-2.76213],[105.62066,-2.79271],[105.57112,-2.82234],[105.46876,-2.88556],[105.44274,-2.90163],[105.3873,-2.95594],[105.36434,-2.98241],[105.3588,-2.98068],[105.35327,-2.97967],[105.34644,-2.98042],[105.33828,-2.98413],[105.33223,-2.98704],[105.3267,-2.98255],[105.32012,-2.97726],[105.31466,-2.97593],[105.3075,-2.9757],[105.3067,-2.97567],[105.30355,-2.9807],[105.29776,-2.99208],[105.29224,-2.99367],[105.28803,-2.99208],[105.28539,-2.98943],[105.28534,-2.9886],[105.28513,-2.98547],[105.28618,-2.9815],[105.2846,-2.9778],[105.27963,-2.97485],[105.27408,-2.97462],[105.26987,-2.97912],[105.26224,-2.97992],[105.25728,-2.98581],[105.25619,-2.99182],[105.25751,-2.99579],[105.25693,-2.99724],[105.25435,-3.00373],[105.2505,-3.00725],[105.24698,-3.00928],[105.24345,-3.01262],[105.24146,-3.0159],[105.2387,-3.0184],[105.23251,-3.0196],[105.23252,-3.03415],[105.23331,-3.036],[105.22968,-3.03799],[105.22752,-3.03918],[105.22462,-3.04288],[105.22489,-3.05399],[105.22647,-3.0614],[105.22121,-3.06775],[105.21858,-3.07569],[105.21648,-3.09262],[105.21727,-3.09632],[105.21727,-3.10055],[105.21069,-3.10717],[105.20787,-3.10915],[105.2028,-3.11272],[105.20231,-3.1127],[105.19753,-3.11246],[105.19043,-3.11008],[105.18549,-3.09809],[105.17648,-3.07622],[105.16252,-3.03813],[105.15868,-3.0293],[105.14436,-2.99634],[105.12199,-2.95137],[105.10699,-2.93101],[105.09752,-2.91725],[105.09389,-2.91586],[105.09375,-2.91507],[105.06786,-2.90752],[105.0678,-2.90718],[105.0671,-2.90332],[105.0678,-2.89647],[105.0679,-2.88856],[105.0692,-2.88096],[105.0718,-2.87426],[105.078,-2.86317],[105.0808,-2.8583],[105.0846,-2.85389],[105.0879,-2.84728],[105.0906,-2.84173],[105.0898,-2.83884],[105.08961,-2.83764],[105.0892,-2.83496],[105.08704,-2.83115],[105.087,-2.83107],[105.0859,-2.82643],[105.08498,-2.82232],[105.0848,-2.82149],[105.084,-2.81913],[105.0827,-2.81433],[105.08215,-2.81251],[105.0809,-2.80839],[105.078,-2.80542],[105.07817,-2.80495],[105.079,-2.80261],[105.08,-2.79987],[105.0802,-2.79652],[105.081,-2.79249],[105.0814,-2.7877],[105.0809,-2.78207],[105.0801,-2.77766],[105.0782,-2.77278],[105.075,-2.77156],[105.0769,-2.76746],[105.0799,-2.7648],[105.0844,-2.76001],[105.08719,-2.75584],[105.0873,-2.75568],[105.0894,-2.7499],[105.0906,-2.7458],[105.0907,-2.74427],[105.09053,-2.74275],[105.0905,-2.74251],[105.091,-2.74161],[105.09,-2.73682],[105.08795,-2.73529],[105.08753,-2.72751],[105.08753,-2.72512],[105.08753,-2.72407],[105.0878,-2.72146],[105.08977,-2.71763],[105.08985,-2.71747],[105.09095,-2.7161],[105.09272,-2.71404],[105.09546,-2.71239],[105.09607,-2.71186],[105.09652,-2.71147],[105.1009,-2.71325],[105.1063,-2.71531],[105.10919,-2.71641],[105.1101,-2.71676],[105.11185,-2.7175],[105.11475,-2.71872],[105.115,-2.71882],[105.119,-2.71807],[105.1197,-2.7182],[105.1251,-2.71922],[105.12561,-2.71933],[105.1294,-2.72014],[105.132,-2.72069],[105.1323,-2.72075],[105.1348,-2.72174],[105.13858,-2.72367],[105.139,-2.72388],[105.14157,-2.72474],[105.1438,-2.72549],[105.1493,-2.72648],[105.15326,-2.7273],[105.1541,-2.72748],[105.1576,-2.72847],[105.16154,-2.72975],[105.1621,-2.72993],[105.16214,-2.72993],[105.16381,-2.73038],[105.1658,-2.7309],[105.1685,-2.73161],[105.1769,-2.73299],[105.1851,-2.73293],[105.19023,-2.73254],[105.193,-2.73233],[105.2005,-2.73105],[105.2075,-2.72984],[105.20795,-2.72977]]]]}},{"type":"Feature","properties":{"NAMOBJ":"Pampangan","WADMKC":"Pampangan","WADMKK":"Ogan Komering Ilir","WADMPR":"Sumatera Selatan","KDCPUM":"id1602130","KDPKAB":"16.02","JUMLAH_DESA":22,"CENTER_LAT":-3.2576,"CENTER_LNG":104.99615},"geometry":{"type":"MultiPolygon","coordinates":[[[[104.94977,-3.17492],[104.94941,-3.17099],[104.95646,-3.16996],[104.96025,-3.16941],[104.96719,-3.16599],[104.96823,-3.16516],[104.96914,-3.16444],[104.96903,-3.16428],[104.97026,-3.16318],[104.9719,-3.1614],[104.97435,-3.15954],[104.97561,-3.15808],[104.9791,-3.15861],[104.9811,-3.15732],[104.9809,-3.15114],[104.9808,-3.14954],[104.97992,-3.1468],[104.98399,-3.14547],[104.98899,-3.14492],[104.99327,-3.14516],[104.99959,-3.14634],[105.00163,-3.14513],[105.00145,-3.13894],[105.00136,-3.13734],[104.99955,-3.13165],[104.99955,-3.13163],[105.00049,-3.1306],[105.00145,-3.12956],[105.01148,-3.15409],[105.01225,-3.15374],[105.01382,-3.15301],[105.02839,-3.15259],[105.03591,-3.15238],[105.03996,-3.15226],[105.05101,-3.15195],[105.05878,-3.15043],[105.06276,-3.14965],[105.06833,-3.15665],[105.06852,-3.158],[105.06914,-3.16248],[105.07149,-3.1794],[105.07086,-3.18656],[105.07064,-3.18909],[105.07059,-3.18964],[105.07013,-3.19493],[105.06938,-3.20348],[105.06747,-3.2065],[105.06632,-3.20971],[105.06202,-3.22173],[105.06159,-3.2232],[105.06064,-3.22647],[105.06036,-3.22743],[105.06017,-3.22808],[105.06098,-3.2308],[105.06122,-3.2316],[105.06235,-3.23542],[105.06445,-3.24249],[105.06465,-3.24316],[105.06991,-3.25189],[105.07728,-3.26194],[105.07843,-3.26674],[105.08172,-3.28056],[105.08334,-3.28733],[105.09466,-3.30109],[105.09966,-3.31034],[105.1015,-3.31775],[105.10177,-3.32622],[105.10498,-3.33094],[105.10519,-3.33124],[105.15415,-3.34881],[105.17433,-3.35707],[105.17409,-3.35782],[105.15198,-3.36528],[105.13923,-3.37028],[105.13058,-3.37463],[105.1228,-3.38158],[105.11912,-3.38506],[105.10809,-3.38767],[105.09577,-3.38876],[105.08496,-3.38919],[105.07437,-3.38811],[105.06269,-3.38572],[105.05306,-3.38249],[105.05231,-3.38224],[105.04539,-3.37898],[105.04237,-3.37681],[105.03718,-3.37312],[105.03393,-3.37181],[105.02983,-3.37094],[105.02658,-3.37159],[105.01556,-3.37312],[105.00972,-3.37377],[105.00453,-3.37159],[104.99956,-3.37073],[104.99515,-3.36891],[104.98939,-3.36551],[104.98464,-3.35943],[104.97967,-3.35573],[104.97642,-3.34791],[104.97296,-3.34617],[104.97037,-3.34835],[104.96648,-3.35117],[104.96194,-3.35247],[104.95545,-3.35139],[104.95394,-3.35247],[104.95242,-3.35182],[104.94507,-3.35573],[104.94161,-3.36051],[104.93642,-3.36399],[104.93469,-3.36638],[104.93409,-3.36373],[104.9334,-3.36073],[104.93015,-3.35725],[104.92,-3.34031],[104.91999,-3.3403],[104.9241,-3.33704],[104.92843,-3.33552],[104.94291,-3.33096],[104.9468,-3.32857],[104.94789,-3.32618],[104.94875,-3.32292],[104.94767,-3.31901],[104.94716,-3.31714],[104.94572,-3.31184],[104.94572,-3.30945],[104.9458,-3.30894],[104.94702,-3.30119],[104.94892,-3.29577],[104.94914,-3.29071],[104.94918,-3.28968],[104.94508,-3.28468],[104.94332,-3.28334],[104.93708,-3.2786],[104.93254,-3.27838],[104.93063,-3.27806],[104.92605,-3.27729],[104.92195,-3.27468],[104.91978,-3.27121],[104.9187,-3.26686],[104.91857,-3.26209],[104.91833,-3.25338],[104.91829,-3.25205],[104.91819,-3.24852],[104.91819,-3.24831],[104.91811,-3.24545],[104.91806,-3.24361],[104.91808,-3.24307],[104.91827,-3.23861],[104.91914,-3.23275],[104.92007,-3.22958],[104.92101,-3.22634],[104.9213,-3.22536],[104.92173,-3.22167],[104.92022,-3.21493],[104.92001,-3.20646],[104.91987,-3.20268],[104.91828,-3.20102],[104.91833,-3.20097],[104.91914,-3.20016],[104.92844,-3.19581],[104.93208,-3.1941],[104.93535,-3.19255],[104.94162,-3.18929],[104.94203,-3.18896],[104.94661,-3.18525],[104.94832,-3.18386],[104.94843,-3.18092],[104.94851,-3.17855],[104.94854,-3.17756],[104.94888,-3.17675],[104.94962,-3.17495],[104.94977,-3.17492]]]]}},{"type":"Feature","properties":{"NAMOBJ":"Teluk Gelam","WADMKC":"Teluk Gelam","WADMKK":"Ogan Komering Ilir","WADMPR":"Sumatera Selatan","KDCPUM":"id1602051","KDPKAB":"16.02","JUMLAH_DESA":14,"CENTER_LAT":-3.58363,"CENTER_LNG":104.78162},"geometry":{"type":"MultiPolygon","coordinates":[[[[104.7462,-3.62551],[104.74386,-3.61844],[104.74058,-3.60854],[104.73955,-3.60542],[104.73977,-3.60546],[104.7397,-3.6051],[104.73938,-3.60351],[104.73843,-3.59513],[104.73866,-3.59494],[104.74034,-3.59356],[104.74786,-3.58739],[104.75219,-3.58337],[104.75285,-3.58355],[104.75714,-3.5847],[104.75966,-3.58538],[104.76086,-3.58545],[104.76087,-3.58545],[104.77525,-3.5862],[104.78249,-3.58658],[104.78422,-3.58667],[104.78457,-3.58446],[104.78536,-3.57938],[104.78567,-3.57736],[104.78595,-3.5756],[104.77615,-3.57719],[104.77579,-3.57362],[104.77442,-3.57355],[104.77448,-3.57312],[104.77423,-3.57311],[104.76548,-3.57282],[104.75775,-3.57256],[104.75578,-3.5725],[104.75593,-3.57169],[104.75442,-3.57131],[104.75451,-3.57036],[104.75543,-3.55973],[104.75536,-3.55884],[104.75522,-3.55722],[104.75557,-3.55728],[104.75592,-3.55178],[104.75614,-3.54839],[104.75978,-3.54705],[104.7617,-3.54638],[104.76347,-3.54569],[104.76471,-3.54524],[104.76471,-3.54521],[104.76472,-3.54521],[104.76541,-3.5429],[104.76534,-3.54285],[104.76537,-3.54274],[104.76657,-3.54115],[104.76594,-3.5361],[104.76547,-3.53233],[104.76542,-3.53231],[104.76516,-3.53085],[104.76414,-3.52995],[104.76309,-3.52914],[104.76269,-3.52839],[104.7625,-3.52805],[104.7624,-3.52791],[104.76158,-3.5268],[104.76021,-3.52642],[104.75969,-3.52628],[104.75961,-3.52628],[104.75959,-3.52628],[104.75883,-3.52582],[104.75278,-3.52209],[104.74976,-3.52023],[104.74838,-3.52036],[104.74837,-3.52033],[104.74815,-3.51961],[104.74811,-3.51946],[104.74805,-3.51568],[104.75074,-3.51439],[104.75346,-3.5131],[104.7536,-3.51295],[104.75446,-3.51204],[104.75504,-3.51142],[104.7673,-3.49598],[104.76871,-3.49419],[104.76669,-3.49222],[104.75671,-3.48241],[104.75644,-3.48215],[104.76329,-3.47928],[104.76748,-3.47652],[104.77368,-3.47242],[104.78143,-3.4673],[104.78413,-3.46552],[104.78386,-3.46538],[104.78704,-3.46488],[104.79212,-3.46546],[104.79778,-3.4661],[104.79941,-3.46773],[104.80223,-3.47056],[104.80386,-3.47218],[104.8064,-3.47473],[104.80676,-3.47509],[104.81152,-3.47985],[104.8116,-3.47998],[104.8138,-3.48338],[104.81422,-3.48339],[104.81586,-3.49248],[104.81049,-3.49368],[104.81065,-3.49518],[104.8119,-3.50689],[104.80949,-3.51407],[104.80745,-3.52011],[104.80768,-3.52947],[104.8078,-3.5344],[104.80785,-3.53658],[104.80703,-3.53665],[104.80731,-3.53859],[104.80849,-3.54673],[104.80943,-3.5532],[104.82128,-3.55298],[104.82797,-3.55286],[104.82809,-3.55285],[104.82828,-3.55975],[104.82864,-3.57297],[104.82888,-3.58157],[104.82901,-3.58628],[104.82909,-3.58925],[104.8467,-3.58905],[104.84606,-3.59068],[104.84511,-3.59309],[104.84407,-3.59576],[104.83739,-3.59942],[104.83154,-3.6061],[104.83147,-3.60764],[104.83113,-3.61538],[104.8315,-3.61538],[104.83113,-3.63044],[104.81723,-3.6312],[104.8092,-3.63164],[104.80909,-3.63395],[104.80951,-3.63395],[104.80947,-3.64354],[104.80946,-3.64566],[104.80944,-3.65019],[104.80943,-3.65308],[104.80939,-3.66369],[104.80938,-3.66657],[104.80937,-3.66877],[104.80936,-3.67134],[104.80935,-3.67354],[104.80933,-3.67785],[104.80932,-3.68065],[104.80929,-3.68756],[104.80927,-3.69251],[104.80925,-3.69716],[104.80924,-3.70124],[104.80924,-3.70124],[104.80921,-3.70618],[104.80918,-3.71421],[104.8089,-3.7142],[104.80891,-3.71442],[104.80907,-3.71654],[104.80919,-3.71815],[104.79334,-3.71815],[104.79312,-3.71815],[104.78849,-3.71815],[104.7883,-3.71815],[104.7765,-3.71815],[104.7765,-3.71763],[104.77275,-3.71744],[104.77337,-3.70197],[104.77376,-3.69213],[104.774,-3.68608],[104.77021,-3.68418],[104.76775,-3.68343],[104.76045,-3.6812],[104.76309,-3.6776],[104.76308,-3.6776],[104.76308,-3.6776],[104.76318,-3.67749],[104.76326,-3.67738],[104.76419,-3.67623],[104.76996,-3.66906],[104.77441,-3.66355],[104.77471,-3.66318],[104.76138,-3.65406],[104.75881,-3.6523],[104.75802,-3.65176],[104.75729,-3.65023],[104.75153,-3.63804],[104.74995,-3.6347],[104.74629,-3.62578],[104.7462,-3.62551]]]]}},{"type":"Feature","properties":{"NAMOBJ":"Mesuji Makmur","WADMKC":"Mesuji Makmur","WADMKK":"Ogan Komering Ilir","WADMPR":"Sumatera Selatan","KDCPUM":"id1602022","KDPKAB":"16.02","JUMLAH_DESA":19,"CENTER_LAT":-4.14744,"CENTER_LNG":104.88192},"geometry":{"type":"MultiPolygon","coordinates":[[[[104.76279,-4.19926],[104.76406,-4.19592],[104.76444,-4.19445],[104.76707,-4.19497],[104.76854,-4.19565],[104.77019,-4.19501],[104.77077,-4.19406],[104.77127,-4.19226],[104.77063,-4.1916],[104.7712,-4.19124],[104.7725,-4.18668],[104.772,-4.18538],[104.77347,-4.18361],[104.77477,-4.18383],[104.77585,-4.18166],[104.77556,-4.18043],[104.77708,-4.17905],[104.77643,-4.17811],[104.77693,-4.17717],[104.77747,-4.1765],[104.77751,-4.17645],[104.77821,-4.17461],[104.7783,-4.17435],[104.77939,-4.1737],[104.78011,-4.17392],[104.78205,-4.17319],[104.78292,-4.1724],[104.784,-4.17254],[104.78566,-4.1716],[104.78775,-4.17074],[104.78681,-4.16987],[104.78674,-4.169],[104.78667,-4.16806],[104.78677,-4.16783],[104.78717,-4.1669],[104.78591,-4.1638],[104.78533,-4.16238],[104.78613,-4.161],[104.78574,-4.16057],[104.78555,-4.16035],[104.78642,-4.15941],[104.78685,-4.15804],[104.78813,-4.15782],[104.78894,-4.15768],[104.79067,-4.15536],[104.79074,-4.1542],[104.79089,-4.15225],[104.79024,-4.1508],[104.79125,-4.15022],[104.79139,-4.14907],[104.79096,-4.14849],[104.79096,-4.14784],[104.79132,-4.14668],[104.79067,-4.14436],[104.79096,-4.14357],[104.79074,-4.14277],[104.79046,-4.14176],[104.79092,-4.13984],[104.7902,-4.1397],[104.78869,-4.13622],[104.78884,-4.13499],[104.79096,-4.13291],[104.79179,-4.1321],[104.79186,-4.12877],[104.79266,-4.12747],[104.7946,-4.12761],[104.7954,-4.12682],[104.79406,-4.12541],[104.79502,-4.12593],[104.79615,-4.12509],[104.79839,-4.1233],[104.80156,-4.12171],[104.80466,-4.12016],[104.80562,-4.11466],[104.80625,-4.111],[104.80645,-4.10986],[104.81227,-4.10807],[104.81541,-4.10718],[104.81576,-4.10728],[104.81567,-4.107],[104.82129,-4.10832],[104.8235,-4.1081],[104.82593,-4.10499],[104.82836,-4.10331],[104.82881,-4.103],[104.83369,-4.09973],[104.83411,-4.09945],[104.83433,-4.09768],[104.83455,-4.09612],[104.83389,-4.09457],[104.83331,-4.09399],[104.8345,-4.09408],[104.83332,-4.09239],[104.83243,-4.0906],[104.83248,-4.09031],[104.83332,-4.08523],[104.83099,-4.0799],[104.83019,-4.07806],[104.83198,-4.07582],[104.82929,-4.07269],[104.8275,-4.0709],[104.82759,-4.07077],[104.82767,-4.07067],[104.82797,-4.07028],[104.8302,-4.06736],[104.83052,-4.06667],[104.83156,-4.06438],[104.83288,-4.06149],[104.83332,-4.06136],[104.83735,-4.06015],[104.84257,-4.05676],[104.84339,-4.05617],[104.84398,-4.05617],[104.84403,-4.0559],[104.84429,-4.05579],[104.84452,-4.05566],[104.84466,-4.05558],[104.84512,-4.05558],[104.84523,-4.0553],[104.84564,-4.05507],[104.84648,-4.05553],[104.84721,-4.0554],[104.84835,-4.05471],[104.84853,-4.05349],[104.84903,-4.05271],[104.84962,-4.05162],[104.84985,-4.05076],[104.84998,-4.05012],[104.85026,-4.0493],[104.8508,-4.04862],[104.85303,-4.04762],[104.85362,-4.0468],[104.85367,-4.04585],[104.85339,-4.04453],[104.85294,-4.0433],[104.85348,-4.04271],[104.85412,-4.04285],[104.85507,-4.04235],[104.85539,-4.04194],[104.85543,-4.04113],[104.85548,-4.03998],[104.85539,-4.03903],[104.8552,-4.03874],[104.85544,-4.03862],[104.85577,-4.03846],[104.85552,-4.03669],[104.85562,-4.03653],[104.85607,-4.03633],[104.85648,-4.03617],[104.85671,-4.03653],[104.85683,-4.03651],[104.85744,-4.03644],[104.85829,-4.03601],[104.85894,-4.03603],[104.86012,-4.03621],[104.86071,-4.03594],[104.8614,-4.0355],[104.86144,-4.03498],[104.86178,-4.03479],[104.86162,-4.03435],[104.86167,-4.03362],[104.86198,-4.03371],[104.86239,-4.03412],[104.86258,-4.03435],[104.86331,-4.03392],[104.86362,-4.03353],[104.86398,-4.03312],[104.86426,-4.03253],[104.86471,-4.03194],[104.86548,-4.03171],[104.86603,-4.03171],[104.86635,-4.03148],[104.86739,-4.03071],[104.86839,-4.03053],[104.86899,-4.03066],[104.86973,-4.03],[104.8698,-4.02944],[104.87008,-4.02866],[104.87062,-4.02839],[104.87117,-4.02757],[104.87115,-4.02728],[104.87112,-4.0268],[104.87112,-4.02648],[104.87125,-4.02599],[104.8713,-4.0258],[104.87153,-4.02498],[104.87126,-4.02448],[104.87205,-4.02407],[104.87246,-4.02377],[104.87267,-4.02362],[104.87291,-4.02349],[104.87325,-4.02332],[104.8738,-4.02257],[104.87399,-4.0223],[104.87466,-4.022],[104.87494,-4.02162],[104.87535,-4.0213],[104.87599,-4.02121],[104.87601,-4.02125],[104.8764,-4.0218],[104.87712,-4.02153],[104.8774,-4.02103],[104.87826,-4.02098],[104.8788,-4.02107],[104.87949,-4.02094],[104.88008,-4.02089],[104.8807,-4.02033],[104.88153,-4.02007],[104.88285,-4.01839],[104.88376,-4.01812],[104.88444,-4.01812],[104.88499,-4.01862],[104.88517,-4.01855],[104.88594,-4.01825],[104.8864,-4.01698],[104.88667,-4.01653],[104.88731,-4.01662],[104.88785,-4.01621],[104.88876,-4.01612],[104.88941,-4.01571],[104.88976,-4.01548],[104.89006,-4.01575],[104.89103,-4.01594],[104.89185,-4.01539],[104.89253,-4.01507],[104.89326,-4.01457],[104.89338,-4.01339],[104.89372,-4.01294],[104.89408,-4.01262],[104.89481,-4.01271],[104.89568,-4.01278],[104.89626,-4.01253],[104.89681,-4.01216],[104.89705,-4.01209],[104.89744,-4.01198],[104.89831,-4.01207],[104.89931,-4.01144],[104.89994,-4.01144],[104.90058,-4.0118],[104.90167,-4.01216],[104.90244,-4.01189],[104.90335,-4.01144],[104.90463,-4.01175],[104.90508,-4.01166],[104.90572,-4.01175],[104.90604,-4.01189],[104.90672,-4.01203],[104.90754,-4.01184],[104.90826,-4.0113],[104.90858,-4.01071],[104.90858,-4.01021],[104.90826,-4.00984],[104.90776,-4.0098],[104.90755,-4.0095],[104.90776,-4.00916],[104.90831,-4.00912],[104.90867,-4.00943],[104.90931,-4.00948],[104.90981,-4.00862],[104.91076,-4.00807],[104.9109,-4.0073],[104.91085,-4.00698],[104.91115,-4.00696],[104.91206,-4.00691],[104.91281,-4.0063],[104.91297,-4.00582],[104.91331,-4.00552],[104.91372,-4.00516],[104.9139,-4.00443],[104.91422,-4.0038],[104.91426,-4.00316],[104.91458,-4.0018],[104.91495,-4.00084],[104.91558,-4.00016],[104.91567,-3.99821],[104.91631,-3.99739],[104.91662,-3.99688],[104.9169,-3.99598],[104.91747,-3.99526],[104.91772,-3.99462],[104.91726,-3.99393],[104.91672,-3.9937],[104.91689,-3.99338],[104.92311,-3.99815],[104.93175,-4.00475],[104.93683,-4.0052],[104.9381,-4.00551],[104.94037,-4.00608],[104.94832,-4.00875],[104.95185,-4.0103],[104.95216,-4.0104],[104.95539,-4.01141],[104.9576,-4.01252],[104.96099,-4.01316],[104.96113,-4.01318],[104.96776,-4.01474],[104.97438,-4.01607],[104.97457,-4.016],[104.97703,-4.01518],[104.98123,-4.01363],[104.99127,-4.01306],[104.99294,-4.01296],[104.99655,-4.01122],[105.00442,-4.00742],[105.00597,-4.01629],[105.00641,-4.02073],[105.00464,-4.02339],[105.00133,-4.02738],[105.00026,-4.03037],[105.00022,-4.03049],[105.00486,-4.03492],[105.00723,-4.03849],[105.00751,-4.03891],[105.00751,-4.04446],[105.0053,-4.04978],[105.00328,-4.05212],[105.00311,-4.05232],[105.00089,-4.05488],[104.9989,-4.05976],[104.99912,-4.06154],[104.99956,-4.06509],[104.99778,-4.06724],[104.99735,-4.06775],[105.00022,-4.06952],[104.99978,-4.0744],[105.00019,-4.07584],[105.00111,-4.07906],[105.00259,-4.08018],[105.0026,-4.08019],[105.00273,-4.08757],[105.00281,-4.09207],[105.00276,-4.09208],[105.00252,-4.09372],[105.00197,-4.09745],[104.99442,-4.09651],[104.99318,-4.10834],[104.99735,-4.11055],[105.00017,-4.11378],[105.00108,-4.11438],[105.00103,-4.11452],[105.00764,-4.12883],[105.0128,-4.13998],[105.01879,-4.15295],[105.02122,-4.15821],[105.0213,-4.15837],[105.02158,-4.15899],[105.02143,-4.15914],[105.02099,-4.16579],[105.02062,-4.16618],[105.02003,-4.16618],[105.01947,-4.16618],[105.01882,-4.16642],[105.01854,-4.16693],[105.01854,-4.16754],[105.01854,-4.16828],[105.01827,-4.16866],[105.01818,-4.16876],[105.01779,-4.16889],[105.01686,-4.16968],[105.01677,-4.17024],[105.01677,-4.17025],[105.01569,-4.17127],[105.01551,-4.17141],[105.01532,-4.17162],[105.01492,-4.17199],[105.01448,-4.17234],[105.01446,-4.17243],[105.01309,-4.17373],[105.01285,-4.17323],[105.01229,-4.1731],[105.01149,-4.17342],[105.01055,-4.17373],[105.00987,-4.17342],[105.00943,-4.17348],[105.00931,-4.1741],[105.00875,-4.17472],[105.00857,-4.17532],[105.00764,-4.17564],[105.00713,-4.17491],[105.0062,-4.17478],[105.00607,-4.17528],[105.00626,-4.17609],[105.0062,-4.17614],[105.00597,-4.17622],[105.00531,-4.17644],[105.00477,-4.1764],[105.00408,-4.17671],[105.00409,-4.17684],[105.00289,-4.17725],[105.00284,-4.17721],[105.00234,-4.17665],[105.00184,-4.17646],[105.00153,-4.17646],[105.00087,-4.17718],[105.00003,-4.1769],[104.99943,-4.17667],[104.99849,-4.17629],[104.99784,-4.17573],[104.99705,-4.17527],[104.99621,-4.17522],[104.99588,-4.17531],[104.9956,-4.17541],[104.99531,-4.1756],[104.99514,-4.17555],[104.99482,-4.17584],[104.99373,-4.17615],[104.99261,-4.1762],[104.99145,-4.17611],[104.99089,-4.17559],[104.99037,-4.17508],[104.98967,-4.17457],[104.98893,-4.17433],[104.98832,-4.17429],[104.98706,-4.17419],[104.98599,-4.17377],[104.98464,-4.17349],[104.98412,-4.17368],[104.98342,-4.17391],[104.98263,-4.17354],[104.98207,-4.17317],[104.98142,-4.17284],[104.98062,-4.17265],[104.97983,-4.17247],[104.97932,-4.17214],[104.97848,-4.17167],[104.97778,-4.17163],[104.97708,-4.17186],[104.97624,-4.17195],[104.97572,-4.17153],[104.97489,-4.17167],[104.97419,-4.17228],[104.97335,-4.17242],[104.97279,-4.17233],[104.97223,-4.17205],[104.97181,-4.17181],[104.97139,-4.17186],[104.97101,-4.17219],[104.97064,-4.17247],[104.97027,-4.17298],[104.96971,-4.17303],[104.96905,-4.17261],[104.96891,-4.17228],[104.96826,-4.17172],[104.96775,-4.17181],[104.96753,-4.17192],[104.96731,-4.17178],[104.96377,-4.17477],[104.96303,-4.17489],[104.96224,-4.17522],[104.96196,-4.17565],[104.96009,-4.17617],[104.95972,-4.17597],[104.95921,-4.17615],[104.95903,-4.1765],[104.9561,-4.17826],[104.9559,-4.17811],[104.95473,-4.17807],[104.95429,-4.1783],[104.95317,-4.17821],[104.94963,-4.18154],[104.94897,-4.18353],[104.94875,-4.18553],[104.94686,-4.18991],[104.94624,-4.1902],[104.94619,-4.1908],[104.94628,-4.19126],[104.94588,-4.19218],[104.94562,-4.19209],[104.9439,-4.19144],[104.94372,-4.19132],[104.94307,-4.19099],[104.94204,-4.19066],[104.94139,-4.19038],[104.94116,-4.19041],[104.94057,-4.19019],[104.93859,-4.19085],[104.93794,-4.19109],[104.93793,-4.19108],[104.93789,-4.19052],[104.93784,-4.18992],[104.93756,-4.18973],[104.93705,-4.18973],[104.93663,-4.19001],[104.9363,-4.19043],[104.93597,-4.1909],[104.93551,-4.19127],[104.93551,-4.1916],[104.93563,-4.19194],[104.93439,-4.1924],[104.9321,-4.19224],[104.93182,-4.19183],[104.93145,-4.19164],[104.93112,-4.19169],[104.93089,-4.19178],[104.93082,-4.19225],[104.92923,-4.19248],[104.92923,-4.19248],[104.92912,-4.1925],[104.9283,-4.19261],[104.92823,-4.19261],[104.92793,-4.19234],[104.9279,-4.19184],[104.92766,-4.19161],[104.92726,-4.19171],[104.92619,-4.19379],[104.92562,-4.19436],[104.92512,-4.19442],[104.92455,-4.19439],[104.92412,-4.19456],[104.92372,-4.19519],[104.92344,-4.19521],[104.9229,-4.19498],[104.9224,-4.19481],[104.9219,-4.19498],[104.92143,-4.19524],[104.92136,-4.19728],[104.92135,-4.19728],[104.92105,-4.19754],[104.92095,-4.19762],[104.92073,-4.19756],[104.92053,-4.19756],[104.92029,-4.19766],[104.92016,-4.1981],[104.91999,-4.1982],[104.91946,-4.19793],[104.91923,-4.19793],[104.91852,-4.19823],[104.91792,-4.1984],[104.91694,-4.19828],[104.91644,-4.19784],[104.91577,-4.19731],[104.915,-4.19731],[104.9145,-4.19747],[104.9136,-4.19841],[104.91306,-4.19861],[104.91243,-4.19918],[104.91175,-4.19982],[104.9118,-4.19992],[104.90611,-4.20327],[104.90565,-4.20428],[104.90561,-4.20437],[104.90563,-4.20443],[104.90557,-4.20447],[104.90417,-4.20754],[104.90402,-4.20849],[104.90372,-4.20893],[104.90326,-4.20913],[104.90222,-4.20943],[104.90156,-4.20958],[104.89992,-4.21059],[104.89484,-4.21015],[104.89241,-4.21591],[104.89173,-4.21634],[104.89165,-4.21652],[104.89145,-4.21652],[104.89144,-4.21652],[104.88887,-4.21813],[104.8883,-4.21819],[104.88225,-4.21879],[104.8819,-4.21873],[104.87628,-4.21768],[104.87628,-4.21932],[104.87639,-4.21949],[104.87646,-4.21986],[104.87639,-4.22053],[104.87583,-4.22117],[104.87555,-4.22159],[104.87518,-4.22256],[104.87783,-4.227],[104.87672,-4.22988],[104.87672,-4.22988],[104.87678,-4.23017],[104.87654,-4.23094],[104.87599,-4.23146],[104.87576,-4.23193],[104.87496,-4.23354],[104.87442,-4.23398],[104.87385,-4.23415],[104.87383,-4.23415],[104.87329,-4.23418],[104.87292,-4.23398],[104.87272,-4.23378],[104.87228,-4.23304],[104.87205,-4.2329],[104.87041,-4.23237],[104.86951,-4.23213],[104.86821,-4.2319],[104.86818,-4.23188],[104.86717,-4.23109],[104.86694,-4.23103],[104.86654,-4.23092],[104.86564,-4.23099],[104.8647,-4.23126],[104.86403,-4.23163],[104.86392,-4.23188],[104.8628,-4.23188],[104.86277,-4.23199],[104.86227,-4.23347],[104.86141,-4.23416],[104.86091,-4.23497],[104.86101,-4.23574],[104.86107,-4.2359],[104.85878,-4.23845],[104.85857,-4.23855],[104.8581,-4.23865],[104.85753,-4.23889],[104.8568,-4.23959],[104.85593,-4.2406],[104.85549,-4.24088],[104.85511,-4.24081],[104.85489,-4.24067],[104.85422,-4.23996],[104.85339,-4.23932],[104.85262,-4.23942],[104.85239,-4.23959],[104.85222,-4.24016],[104.85219,-4.24024],[104.84991,-4.23979],[104.84988,-4.23973],[104.84921,-4.23902],[104.84858,-4.23855],[104.84701,-4.23828],[104.84698,-4.23828],[104.84624,-4.23832],[104.84449,-4.2385],[104.84358,-4.23823],[104.84305,-4.23823],[104.84252,-4.23837],[104.84208,-4.2383],[104.84105,-4.23827],[104.84061,-4.23816],[104.84018,-4.23786],[104.83971,-4.2378],[104.83944,-4.2378],[104.83894,-4.23806],[104.83864,-4.2381],[104.83777,-4.23766],[104.83747,-4.23763],[104.83717,-4.23783],[104.83707,-4.23813],[104.83687,-4.23867],[104.83681,-4.23875],[104.83402,-4.23855],[104.83391,-4.23848],[104.83364,-4.23853],[104.83364,-4.23853],[104.83288,-4.23865],[104.83154,-4.23882],[104.83074,-4.23845],[104.83034,-4.23845],[104.83007,-4.23858],[104.82893,-4.23892],[104.8287,-4.23915],[104.8281,-4.23969],[104.82733,-4.23996],[104.8268,-4.24022],[104.82653,-4.24059],[104.82623,-4.24123],[104.82579,-4.24187],[104.82546,-4.24187],[104.82472,-4.24197],[104.82422,-4.2418],[104.82363,-4.24159],[104.82303,-4.24096],[104.82276,-4.24105],[104.82245,-4.24093],[104.82209,-4.24089],[104.82164,-4.24088],[104.82085,-4.24086],[104.81988,-4.24086],[104.81849,-4.24138],[104.81766,-4.24171],[104.81696,-4.24222],[104.81649,-4.24275],[104.81569,-4.24332],[104.81546,-4.24354],[104.81287,-4.24451],[104.81115,-4.24575],[104.80959,-4.24687],[104.80954,-4.24688],[104.80797,-4.24698],[104.80733,-4.24731],[104.80606,-4.24862],[104.80519,-4.24929],[104.80446,-4.25033],[104.80396,-4.25057],[104.80336,-4.25067],[104.8024,-4.25055],[104.80114,-4.25045],[104.8001,-4.25045],[104.79903,-4.25068],[104.79769,-4.25082],[104.79673,-4.25075],[104.79622,-4.25085],[104.79582,-4.25132],[104.79576,-4.25186],[104.79549,-4.25229],[104.79536,-4.25276],[104.79489,-4.254],[104.79495,-4.25507],[104.79492,-4.25585],[104.79475,-4.25672],[104.79489,-4.25695],[104.79519,-4.25722],[104.79535,-4.25756],[104.79555,-4.259],[104.79559,-4.26071],[104.79549,-4.26081],[104.79475,-4.26185],[104.79465,-4.26249],[104.79445,-4.26262],[104.79361,-4.26346],[104.79301,-4.2642],[104.79281,-4.26467],[104.79228,-4.2647],[104.79158,-4.26443],[104.79118,-4.26436],[104.79084,-4.26433],[104.79062,-4.26439],[104.78777,-4.26131],[104.78774,-4.26111],[104.78737,-4.26051],[104.78667,-4.25987],[104.78543,-4.25923],[104.78543,-4.25926],[104.78532,-4.25918],[104.78511,-4.25897],[104.78501,-4.25894],[104.78485,-4.2589],[104.77965,-4.25529],[104.77818,-4.25426],[104.77576,-4.25309],[104.77562,-4.25285],[104.77544,-4.25256],[104.77528,-4.25228],[104.775,-4.25195],[104.77481,-4.25176],[104.77458,-4.25158],[104.77433,-4.25142],[104.77434,-4.25136],[104.77019,-4.25036],[104.76868,-4.2496],[104.76771,-4.24862],[104.76767,-4.24805],[104.76731,-4.24749],[104.76669,-4.24726],[104.76629,-4.24655],[104.76444,-4.2452],[104.7632,-4.24483],[104.76219,-4.24469],[104.7605,-4.24506],[104.7596,-4.24565],[104.75892,-4.24635],[104.75833,-4.24689],[104.75765,-4.24678],[104.75704,-4.24621],[104.75636,-4.24585],[104.75576,-4.2458],[104.75558,-4.23649],[104.75546,-4.2306],[104.75539,-4.22676],[104.75046,-4.22676],[104.7487,-4.22498],[104.74777,-4.22312],[104.74774,-4.22308],[104.74774,-4.22307],[104.75057,-4.22165],[104.7519,-4.22032],[104.75387,-4.21862],[104.75808,-4.21499],[104.75893,-4.21344],[104.75941,-4.21255],[104.76039,-4.20804],[104.76162,-4.20235],[104.76279,-4.19926]]]]}},{"type":"Feature","properties":{"NAMOBJ":"Lempuing","WADMKC":"Lempuing","WADMKK":"Ogan Komering Ilir","WADMPR":"Sumatera Selatan","KDCPUM":"id1602010","KDPKAB":"16.02","JUMLAH_DESA":19,"CENTER_LAT":-3.90705,"CENTER_LNG":104.90797},"geometry":{"type":"MultiPolygon","coordinates":[[[[104.87354,-3.90809],[104.8736,-3.90726],[104.86915,-3.9035],[104.86494,-3.89962],[104.86355,-3.89834],[104.86048,-3.89527],[104.85749,-3.89228],[104.85597,-3.89014],[104.85481,-3.88851],[104.85518,-3.88835],[104.85539,-3.88826],[104.85569,-3.88814],[104.85606,-3.88761],[104.85601,-3.88706],[104.85642,-3.88688],[104.85686,-3.88563],[104.85715,-3.88506],[104.85755,-3.88474],[104.85746,-3.88412],[104.85779,-3.88397],[104.85801,-3.8835],[104.85808,-3.88336],[104.85844,-3.8832],[104.85879,-3.88232],[104.85884,-3.8823],[104.85909,-3.88219],[104.85917,-3.88086],[104.8588,-3.88062],[104.8584,-3.88029],[104.85792,-3.87993],[104.85779,-3.87953],[104.85806,-3.87913],[104.85852,-3.87892],[104.85876,-3.87827],[104.85864,-3.87763],[104.85844,-3.87718],[104.85848,-3.87657],[104.85832,-3.87617],[104.8586,-3.87552],[104.85864,-3.87451],[104.85945,-3.87399],[104.85942,-3.87345],[104.85941,-3.87334],[104.85926,-3.87319],[104.85905,-3.87298],[104.85941,-3.87225],[104.85973,-3.87225],[104.85998,-3.8716],[104.86018,-3.8712],[104.86103,-3.8712],[104.86115,-3.87027],[104.86146,-3.87022],[104.86176,-3.86963],[104.86188,-3.86914],[104.86245,-3.86894],[104.86304,-3.86815],[104.86324,-3.86726],[104.86318,-3.86665],[104.86394,-3.86629],[104.86482,-3.86588],[104.866,-3.86607],[104.86699,-3.86676],[104.86768,-3.86686],[104.86876,-3.86715],[104.86952,-3.8668],[104.87044,-3.86637],[104.8714,-3.86553],[104.87192,-3.86528],[104.87261,-3.8644],[104.87274,-3.86218],[104.8739,-3.86163],[104.87271,-3.86045],[104.87281,-3.85887],[104.8738,-3.85788],[104.87419,-3.85649],[104.87518,-3.85601],[104.87498,-3.85413],[104.8738,-3.85305],[104.87473,-3.85157],[104.87468,-3.85114],[104.87407,-3.84511],[104.87401,-3.84459],[104.87382,-3.84428],[104.87387,-3.84383],[104.87387,-3.84382],[104.8741,-3.84329],[104.87414,-3.84294],[104.87407,-3.84199],[104.87327,-3.84151],[104.87298,-3.84086],[104.87268,-3.84021],[104.87285,-3.83959],[104.87277,-3.83897],[104.87279,-3.83843],[104.87304,-3.83801],[104.87312,-3.83757],[104.87306,-3.83701],[104.87321,-3.83653],[104.8735,-3.83621],[104.87355,-3.83602],[104.87352,-3.83563],[104.87386,-3.83508],[104.87407,-3.83487],[104.87436,-3.83458],[104.87471,-3.83445],[104.87479,-3.83421],[104.87488,-3.83391],[104.8747,-3.83366],[104.87467,-3.83362],[104.87457,-3.83284],[104.87427,-3.83268],[104.874,-3.83236],[104.87444,-3.8319],[104.87459,-3.83144],[104.87461,-3.83044],[104.87423,-3.82973],[104.87457,-3.82895],[104.87514,-3.82869],[104.87518,-3.82791],[104.87611,-3.82738],[104.87639,-3.82661],[104.87639,-3.82549],[104.87578,-3.82462],[104.87622,-3.82428],[104.87604,-3.82307],[104.87648,-3.82255],[104.87622,-3.82151],[104.8757,-3.82117],[104.87612,-3.82047],[104.8766,-3.82037],[104.8767,-3.82008],[104.8766,-3.81969],[104.8766,-3.81921],[104.87699,-3.81911],[104.87709,-3.81901],[104.87709,-3.81882],[104.87718,-3.81872],[104.87728,-3.81824],[104.87689,-3.81795],[104.8768,-3.81765],[104.87718,-3.81736],[104.87757,-3.81698],[104.87757,-3.81649],[104.87728,-3.81581],[104.87728,-3.81542],[104.87757,-3.81484],[104.87757,-3.81426],[104.87777,-3.81406],[104.87786,-3.81397],[104.87777,-3.81329],[104.87743,-3.81237],[104.87752,-3.81207],[104.87772,-3.81169],[104.87791,-3.81169],[104.87791,-3.8113],[104.87801,-3.8111],[104.87811,-3.81091],[104.87811,-3.81062],[104.87791,-3.81042],[104.87801,-3.81033],[104.87772,-3.80974],[104.87704,-3.80955],[104.87655,-3.80887],[104.87655,-3.80839],[104.87684,-3.8079],[104.87646,-3.80712],[104.87607,-3.80645],[104.87636,-3.80586],[104.87636,-3.80528],[104.87519,-3.8047],[104.8751,-3.80402],[104.875,-3.80344],[104.87432,-3.80256],[104.87432,-3.80227],[104.87364,-3.80111],[104.87354,-3.80052],[104.87374,-3.80014],[104.87403,-3.80014],[104.87384,-3.79985],[104.87393,-3.79946],[104.87354,-3.79936],[104.87354,-3.79917],[104.87335,-3.79907],[104.87296,-3.79868],[104.87254,-3.79854],[104.87238,-3.79849],[104.8718,-3.7981],[104.8716,-3.79781],[104.87141,-3.79732],[104.87073,-3.79713],[104.87054,-3.79684],[104.87083,-3.79674],[104.87044,-3.79645],[104.87044,-3.79616],[104.87083,-3.79625],[104.87083,-3.79596],[104.87034,-3.79548],[104.86966,-3.79528],[104.86956,-3.7948],[104.86966,-3.79422],[104.86956,-3.79344],[104.86908,-3.79354],[104.86862,-3.79345],[104.86859,-3.79344],[104.86862,-3.7934],[104.86889,-3.79286],[104.86927,-3.79276],[104.86947,-3.79257],[104.86966,-3.79208],[104.86927,-3.79111],[104.86869,-3.79082],[104.86829,-3.79021],[104.88454,-3.79096],[104.88664,-3.79139],[104.88894,-3.79187],[104.89293,-3.79269],[104.90132,-3.79641],[104.90994,-3.79623],[104.91267,-3.79617],[104.91257,-3.79672],[104.91179,-3.80109],[104.9116,-3.80214],[104.91095,-3.80575],[104.91085,-3.80633],[104.91051,-3.80822],[104.91045,-3.80856],[104.91879,-3.81007],[104.91971,-3.81024],[104.92279,-3.81079],[104.92278,-3.8108],[104.9232,-3.81088],[104.9302,-3.8121],[104.9309,-3.81222],[104.93439,-3.81283],[104.93708,-3.8137],[104.9387,-3.81423],[104.94167,-3.81519],[104.94249,-3.81584],[104.94458,-3.81749],[104.94604,-3.81864],[104.95068,-3.8227],[104.95067,-3.8227],[104.94969,-3.82344],[104.95043,-3.82468],[104.94771,-3.82592],[104.94771,-3.82691],[104.94944,-3.82889],[104.95016,-3.83009],[104.95018,-3.83013],[104.94771,-3.83038],[104.94821,-3.83335],[104.94574,-3.83484],[104.94574,-3.83534],[104.94895,-3.83484],[104.9494,-3.83734],[104.9526,-3.83745],[104.96013,-3.83772],[104.96302,-3.83782],[104.96286,-3.82951],[104.96896,-3.82614],[104.96943,-3.83038],[104.96962,-3.83518],[104.9697,-3.8371],[104.96982,-3.84015],[104.96992,-3.84278],[104.97704,-3.84459],[104.99314,-3.84877],[105.00057,-3.85022],[104.99921,-3.85504],[104.99811,-3.85894],[105.0516,-3.87917],[105.04977,-3.88326],[105.04817,-3.88388],[105.04849,-3.88452],[105.04849,-3.88563],[105.04849,-3.88712],[105.04896,-3.88948],[105.04831,-3.88985],[105.04568,-3.89136],[105.04529,-3.89189],[105.0438,-3.89396],[105.0438,-3.89631],[105.04389,-3.89722],[105.04403,-3.89867],[105.0445,-3.90009],[105.0438,-3.90292],[105.04403,-3.90456],[105.04403,-3.90457],[105.04145,-3.90457],[105.04138,-3.90467],[105.03863,-3.90834],[105.03758,-3.90851],[105.03605,-3.90875],[105.03417,-3.90905],[105.03159,-3.91023],[105.03042,-3.91046],[105.03089,-3.91353],[105.03206,-3.91542],[105.03206,-3.91567],[105.03206,-3.91621],[105.03206,-3.91707],[105.03065,-3.91777],[105.02971,-3.91919],[105.0283,-3.91919],[105.02596,-3.91943],[105.02585,-3.91949],[105.02529,-3.9198],[105.02384,-3.9206],[105.02384,-3.92273],[105.02431,-3.92485],[105.02421,-3.925],[105.02363,-3.92587],[105.02337,-3.92626],[105.02267,-3.92862],[105.02243,-3.92893],[105.02173,-3.9298],[105.02144,-3.93096],[105.02126,-3.93169],[105.01965,-3.93351],[105.01964,-3.93352],[105.01963,-3.93351],[105.01865,-3.93306],[105.01834,-3.93346],[105.01037,-3.93389],[105.00867,-3.93668],[105.008,-3.93778],[105.00836,-3.93832],[105.00886,-3.93908],[105.00261,-3.94189],[105.00251,-3.94242],[105.00197,-3.94514],[105.00153,-3.94558],[105.00025,-3.94687],[105.01302,-3.95276],[105.01856,-3.95531],[105.01666,-3.9568],[105.0136,-3.9592],[105.0136,-3.96266],[105.00542,-3.96028],[105.0042,-3.96334],[105.00289,-3.96665],[105.00148,-3.9702],[105.00035,-3.97304],[104.99832,-3.97814],[104.99724,-3.98087],[104.99458,-3.98756],[104.99155,-3.99521],[104.99098,-3.99663],[104.99655,-4.01122],[104.99294,-4.01296],[104.99127,-4.01306],[104.98123,-4.01363],[104.97703,-4.01518],[104.97457,-4.016],[104.97438,-4.01607],[104.96776,-4.01474],[104.96113,-4.01318],[104.96099,-4.01316],[104.9576,-4.01252],[104.95539,-4.01141],[104.95216,-4.0104],[104.95185,-4.0103],[104.94832,-4.00875],[104.94037,-4.00608],[104.9381,-4.00551],[104.93683,-4.0052],[104.93175,-4.00475],[104.92311,-3.99815],[104.91689,-3.99338],[104.91672,-3.9937],[104.9163,-3.99352],[104.91636,-3.99302],[104.91622,-3.99261],[104.91777,-3.99121],[104.91808,-3.98993],[104.91854,-3.98974],[104.91872,-3.98911],[104.91981,-3.98848],[104.92008,-3.9872],[104.9199,-3.98619],[104.92058,-3.98493],[104.92081,-3.98411],[104.92072,-3.98352],[104.92036,-3.9827],[104.9204,-3.98265],[104.92058,-3.98243],[104.92095,-3.9823],[104.92149,-3.98193],[104.92158,-3.98098],[104.92104,-3.97957],[104.9209,-3.97889],[104.92158,-3.97798],[104.92236,-3.97831],[104.92245,-3.97831],[104.92282,-3.9783],[104.92304,-3.97829],[104.92549,-3.9767],[104.92563,-3.97616],[104.9264,-3.97539],[104.92636,-3.9747],[104.92663,-3.97393],[104.9259,-3.97207],[104.92458,-3.97148],[104.92448,-3.97099],[104.92504,-3.9702],[104.92501,-3.97008],[104.92486,-3.96948],[104.9256,-3.96864],[104.92598,-3.96786],[104.92636,-3.96707],[104.92631,-3.96675],[104.92654,-3.96634],[104.92722,-3.96566],[104.92745,-3.96502],[104.92763,-3.96429],[104.92817,-3.96407],[104.92858,-3.96375],[104.92827,-3.96234],[104.92831,-3.96228],[104.92877,-3.96161],[104.92822,-3.96097],[104.92804,-3.95988],[104.92749,-3.95934],[104.92717,-3.95897],[104.92686,-3.95825],[104.92654,-3.95779],[104.92608,-3.9577],[104.92558,-3.95734],[104.92568,-3.95684],[104.92568,-3.95681],[104.92631,-3.95647],[104.92686,-3.95575],[104.9269,-3.95502],[104.92745,-3.95416],[104.92822,-3.95397],[104.92872,-3.95347],[104.92893,-3.95249],[104.9294,-3.95193],[104.9299,-3.95139],[104.93022,-3.95102],[104.93027,-3.95026],[104.93045,-3.95002],[104.93031,-3.94961],[104.92972,-3.94902],[104.92893,-3.94845],[104.9289,-3.94843],[104.92849,-3.94779],[104.92849,-3.94774],[104.9279,-3.94681],[104.92754,-3.94625],[104.92741,-3.94622],[104.92704,-3.94652],[104.9269,-3.94665],[104.92677,-3.94715],[104.92613,-3.94738],[104.92549,-3.94679],[104.92554,-3.94592],[104.92548,-3.94581],[104.92493,-3.9457],[104.92481,-3.94602],[104.92454,-3.94656],[104.92427,-3.94693],[104.92395,-3.94697],[104.9234,-3.94684],[104.92333,-3.94654],[104.92299,-3.94634],[104.92281,-3.94661],[104.92276,-3.94725],[104.9227,-3.9473],[104.92238,-3.94762],[104.92167,-3.94743],[104.92137,-3.94702],[104.92108,-3.94693],[104.92086,-3.94706],[104.92031,-3.94765],[104.92017,-3.94856],[104.91967,-3.94879],[104.91908,-3.94893],[104.91849,-3.94879],[104.9184,-3.94866],[104.91808,-3.94825],[104.91816,-3.94775],[104.91803,-3.94771],[104.91773,-3.94762],[104.91745,-3.94754],[104.91713,-3.94756],[104.917,-3.9473],[104.91551,-3.94618],[104.91395,-3.94606],[104.91258,-3.94591],[104.91213,-3.94561],[104.91202,-3.9457],[104.91154,-3.94611],[104.91063,-3.94711],[104.9102,-3.94726],[104.90935,-3.94706],[104.90913,-3.94665],[104.90883,-3.9463],[104.90855,-3.9463],[104.90844,-3.94611],[104.90831,-3.9462],[104.90813,-3.94661],[104.9079,-3.94711],[104.90722,-3.9477],[104.90626,-3.94802],[104.90581,-3.94784],[104.90535,-3.94725],[104.90503,-3.94725],[104.90479,-3.94658],[104.9044,-3.9462],[104.90431,-3.9457],[104.90436,-3.94538],[104.90409,-3.94465],[104.90394,-3.94436],[104.90372,-3.94475],[104.90367,-3.9452],[104.90322,-3.94556],[104.90295,-3.94556],[104.9029,-3.94556],[104.9024,-3.94534],[104.90238,-3.9449],[104.9021,-3.94463],[104.90127,-3.94512],[104.90127,-3.94409],[104.90098,-3.94413],[104.90063,-3.94384],[104.90059,-3.94347],[104.89987,-3.94347],[104.90062,-3.94271],[104.90003,-3.94211],[104.89963,-3.94347],[104.89904,-3.94375],[104.89903,-3.94375],[104.89808,-3.94338],[104.89744,-3.94374],[104.89667,-3.94488],[104.89563,-3.94506],[104.89431,-3.9452],[104.89333,-3.9452],[104.89322,-3.9452],[104.89276,-3.94484],[104.89291,-3.94442],[104.89246,-3.9437],[104.89244,-3.9437],[104.89208,-3.94452],[104.89149,-3.94506],[104.88999,-3.94575],[104.8889,-3.94611],[104.88772,-3.94647],[104.88681,-3.94697],[104.88635,-3.94761],[104.88626,-3.94793],[104.88621,-3.94811],[104.88571,-3.94897],[104.88508,-3.94929],[104.88462,-3.94929],[104.88417,-3.94947],[104.88417,-3.94979],[104.88379,-3.95017],[104.88362,-3.95034],[104.88301,-3.95075],[104.88267,-3.95084],[104.8824,-3.95134],[104.88208,-3.95147],[104.88196,-3.9516],[104.88153,-3.95206],[104.88112,-3.95261],[104.88058,-3.95329],[104.88042,-3.95358],[104.88026,-3.95388],[104.8799,-3.95466],[104.87952,-3.95535],[104.8789,-3.95566],[104.87835,-3.95556],[104.87817,-3.95525],[104.87818,-3.95514],[104.87796,-3.95481],[104.87753,-3.95516],[104.8773,-3.95575],[104.8774,-3.95593],[104.8774,-3.95656],[104.87721,-3.95711],[104.87649,-3.9577],[104.87636,-3.95785],[104.87629,-3.95793],[104.87612,-3.95814],[104.87599,-3.95829],[104.87599,-3.95829],[104.87589,-3.95838],[104.87571,-3.95856],[104.87549,-3.95877],[104.87549,-3.95877],[104.87512,-3.95897],[104.87453,-3.95884],[104.87416,-3.9585],[104.87408,-3.95843],[104.87408,-3.95843],[104.87405,-3.95842],[104.87404,-3.95842],[104.8738,-3.95856],[104.87348,-3.9585],[104.87348,-3.9585],[104.87344,-3.95852],[104.87344,-3.95853],[104.87341,-3.95857],[104.87337,-3.95864],[104.87329,-3.95879],[104.87329,-3.95879],[104.87321,-3.95893],[104.87327,-3.95899],[104.87337,-3.95909],[104.87344,-3.95916],[104.87344,-3.95916],[104.87344,-3.95916],[104.87363,-3.95927],[104.87367,-3.9593],[104.87385,-3.9594],[104.8739,-3.95943],[104.8739,-3.95943],[104.87392,-3.95944],[104.87397,-3.95946],[104.87399,-3.95947],[104.87414,-3.95954],[104.8743,-3.95961],[104.87431,-3.95961],[104.87442,-3.95968],[104.87453,-3.95975],[104.87453,-3.95975],[104.87465,-3.95985],[104.87485,-3.96002],[104.87475,-3.9602],[104.87472,-3.96026],[104.8745,-3.9604],[104.87408,-3.96066],[104.87381,-3.96063],[104.87371,-3.96062],[104.87358,-3.96061],[104.87325,-3.96049],[104.87312,-3.96045],[104.87312,-3.96044],[104.87308,-3.96043],[104.87305,-3.96041],[104.87293,-3.96034],[104.87288,-3.96032],[104.8728,-3.96027],[104.8731,-3.96068],[104.87203,-3.96007],[104.87203,-3.96007],[104.872,-3.9601],[104.87144,-3.96075],[104.87067,-3.96189],[104.86989,-3.96234],[104.86913,-3.96242],[104.86898,-3.96239],[104.86796,-3.96218],[104.86715,-3.9619],[104.86687,-3.96169],[104.86643,-3.96048],[104.86521,-3.96093],[104.86474,-3.96022],[104.8644,-3.9604],[104.86396,-3.96056],[104.86323,-3.9604],[104.86258,-3.96008],[104.86202,-3.95943],[104.86145,-3.95882],[104.86143,-3.95838],[104.86129,-3.95611],[104.86028,-3.95543],[104.85996,-3.95468],[104.86,-3.95369],[104.85951,-3.95324],[104.85895,-3.95231],[104.85882,-3.95159],[104.85817,-3.9505],[104.85814,-3.95045],[104.85794,-3.95001],[104.85725,-3.94912],[104.85628,-3.94843],[104.85564,-3.94739],[104.85527,-3.94722],[104.85532,-3.94689],[104.85511,-3.94653],[104.85484,-3.94609],[104.85478,-3.9456],[104.85421,-3.94502],[104.85397,-3.94461],[104.85347,-3.94376],[104.85171,-3.94042],[104.85163,-3.94027],[104.85217,-3.93657],[104.85566,-3.93258],[104.86095,-3.92652],[104.86198,-3.92535],[104.86709,-3.91955],[104.8678,-3.91865],[104.87029,-3.91551],[104.8714,-3.91411],[104.87175,-3.91337],[104.87342,-3.90987],[104.87354,-3.90809]]]]}},{"type":"Feature","properties":{"NAMOBJ":"Sungai Menang","WADMKC":"Sungai Menang","WADMKK":"Ogan Komering Ilir","WADMPR":"Sumatera Selatan","KDCPUM":"id1602021","KDPKAB":"16.02","JUMLAH_DESA":18,"CENTER_LAT":-3.83675,"CENTER_LNG":105.5242},"geometry":{"type":"MultiPolygon","coordinates":[[[[105.88478,-3.97979],[105.87758,-4.00092],[105.87218,-4.01213],[105.87175,-4.01811],[105.86441,-4.04107],[105.86298,-4.05064],[105.86269,-4.0526],[105.84716,-4.11908],[105.85174,-4.14877],[105.85099,-4.15747],[105.84764,-4.16531],[105.83616,-4.17011],[105.82402,-4.15794],[105.82141,-4.14815],[105.81857,-4.14161],[105.81565,-4.13489],[105.80827,-4.12347],[105.80047,-4.12348],[105.78985,-4.12164],[105.78075,-4.11817],[105.77674,-4.11252],[105.77024,-4.11992],[105.77199,-4.13112],[105.76593,-4.13972],[105.75299,-4.14712],[105.75012,-4.14877],[105.74687,-4.14964],[105.74282,-4.14729],[105.74145,-4.14649],[105.73939,-4.14304],[105.73853,-4.14199],[105.73812,-4.1415],[105.73451,-4.1379],[105.72942,-4.13454],[105.72736,-4.13454],[105.7201,-4.13792],[105.71783,-4.13955],[105.71518,-4.14089],[105.71371,-4.14162],[105.70819,-4.14315],[105.70537,-4.14185],[105.70201,-4.14],[105.69984,-4.13717],[105.69914,-4.13455],[105.69906,-4.13447],[105.69857,-4.13333],[105.69742,-4.12972],[105.69742,-4.12791],[105.69797,-4.12573],[105.69852,-4.12425],[105.69923,-4.12299],[105.70048,-4.12185],[105.7019,-4.1207],[105.70349,-4.11939],[105.7065,-4.11709],[105.70901,-4.11403],[105.71027,-4.11217],[105.71103,-4.10955],[105.71103,-4.10835],[105.70859,-4.10627],[105.70025,-4.10443],[105.6927,-4.10485],[105.68985,-4.10411],[105.68714,-4.10129],[105.68627,-4.09922],[105.68623,-4.09881],[105.68562,-4.09845],[105.6843,-4.09692],[105.68387,-4.09605],[105.68376,-4.09277],[105.68392,-4.0908],[105.68403,-4.08943],[105.68419,-4.08725],[105.68458,-4.08435],[105.68453,-4.08289],[105.68443,-4.07999],[105.68423,-4.07947],[105.68153,-4.07838],[105.67949,-4.07825],[105.67729,-4.07889],[105.67503,-4.08124],[105.67381,-4.08627],[105.67379,-4.08632],[105.67152,-4.09049],[105.66834,-4.09309],[105.66312,-4.09553],[105.65944,-4.09452],[105.65865,-4.09431],[105.65432,-4.09105],[105.65311,-4.08881],[105.65291,-4.08836],[105.65256,-4.08809],[105.65097,-4.08623],[105.64988,-4.08333],[105.64917,-4.08147],[105.64843,-4.07827],[105.64816,-4.07767],[105.64828,-4.07766],[105.64758,-4.07535],[105.64704,-4.07348],[105.64807,-4.06658],[105.65717,-4.06303],[105.66134,-4.0614],[105.66445,-4.05813],[105.66485,-4.05514],[105.66387,-4.05336],[105.66363,-4.05293],[105.66268,-4.0512],[105.66051,-4.04821],[105.65713,-4.04821],[105.65185,-4.04917],[105.6444,-4.0523],[105.6402,-4.0519],[105.63384,-4.04728],[105.63099,-4.04484],[105.62788,-4.04321],[105.62544,-4.04348],[105.62251,-4.04577],[105.62192,-4.05042],[105.62193,-4.05654],[105.62044,-4.0598],[105.61828,-4.0613],[105.6157,-4.06171],[105.61096,-4.06171],[105.60676,-4.05832],[105.60667,-4.0581],[105.60667,-4.0581],[105.60554,-4.05533],[105.60546,-4.05333],[105.60468,-4.05176],[105.6045,-4.05024],[105.60477,-4.04836],[105.6048,-4.04814],[105.60913,-4.03884],[105.60999,-4.03628],[105.61036,-4.03519],[105.61288,-4.02774],[105.61513,-4.02429],[105.61851,-4.02132],[105.61912,-4.02078],[105.61961,-4.02025],[105.62878,-4.01032],[105.63036,-4.00712],[105.63071,-4.00582],[105.6299,-4.00449],[105.62703,-3.99978],[105.62238,-3.99379],[105.62201,-3.99332],[105.6204,-3.99124],[105.61646,-3.98496],[105.61591,-3.98409],[105.61505,-3.9827],[105.61503,-3.98264],[105.61482,-3.98183],[105.61459,-3.9813],[105.61324,-3.97824],[105.61246,-3.97407],[105.61241,-3.97116],[105.61225,-3.96973],[105.60865,-3.9666],[105.59971,-3.96276],[105.59778,-3.96246],[105.59303,-3.95941],[105.59206,-3.95673],[105.59211,-3.95643],[105.59087,-3.95509],[105.59012,-3.95375],[105.58978,-3.95239],[105.58982,-3.9508],[105.59029,-3.94936],[105.59077,-3.94885],[105.60597,-3.94616],[105.61177,-3.94514],[105.61195,-3.9448],[105.6121,-3.94284],[105.61138,-3.94057],[105.6105,-3.93922],[105.61044,-3.93913],[105.60994,-3.93836],[105.59968,-3.92686],[105.59585,-3.92738],[105.58692,-3.93918],[105.58028,-3.93816],[105.57543,-3.9356],[105.5751,-3.93537],[105.57027,-3.9321],[105.56405,-3.92936],[105.56297,-3.92888],[105.5624,-3.92793],[105.56233,-3.92697],[105.5623,-3.92616],[105.56663,-3.91809],[105.57085,-3.90915],[105.57359,-3.90197],[105.57355,-3.90127],[105.57227,-3.89956],[105.56278,-3.89544],[105.56065,-3.89465],[105.55963,-3.89407],[105.55896,-3.89378],[105.5588,-3.89359],[105.55874,-3.89356],[105.55684,-3.89247],[105.55537,-3.89084],[105.55247,-3.8865],[105.55241,-3.88638],[105.55046,-3.88419],[105.54831,-3.88176],[105.54078,-3.88711],[105.53812,-3.89335],[105.53325,-3.8978],[105.52881,-3.89692],[105.5282,-3.89612],[105.52795,-3.89608],[105.52639,-3.89542],[105.52504,-3.89444],[105.52307,-3.8926],[105.51946,-3.88694],[105.51573,-3.88067],[105.5136,-3.87784],[105.51274,-3.87587],[105.51233,-3.87415],[105.51233,-3.87255],[105.51275,-3.87073],[105.51278,-3.87054],[105.5136,-3.86915],[105.51811,-3.86304],[105.52023,-3.85939],[105.52028,-3.85931],[105.52213,-3.85631],[105.52323,-3.85435],[105.52516,-3.85139],[105.52635,-3.84844],[105.52664,-3.84721],[105.52664,-3.84627],[105.52651,-3.84545],[105.52594,-3.84324],[105.52495,-3.84164],[105.52413,-3.84049],[105.52327,-3.83983],[105.52217,-3.83938],[105.521,-3.83927],[105.51861,-3.8396],[105.51316,-3.84201],[105.51355,-3.84142],[105.51195,-3.84161],[105.50535,-3.84239],[105.50233,-3.84205],[105.50216,-3.84205],[105.49889,-3.84194],[105.49712,-3.8421],[105.496,-3.8418],[105.4946,-3.84172],[105.4924,-3.84086],[105.49171,-3.84043],[105.49134,-3.84021],[105.48918,-3.83894],[105.48877,-3.83814],[105.48806,-3.83746],[105.48703,-3.83594],[105.48564,-3.83299],[105.48486,-3.8304],[105.48433,-3.82778],[105.48412,-3.82602],[105.48338,-3.8243],[105.48261,-3.82319],[105.4802,-3.82187],[105.47979,-3.8218],[105.47617,-3.82281],[105.47435,-3.82375],[105.46594,-3.8281],[105.45934,-3.82858],[105.45875,-3.82852],[105.45513,-3.82815],[105.45242,-3.82788],[105.44838,-3.82747],[105.44395,-3.82808],[105.43676,-3.82809],[105.43492,-3.82714],[105.43344,-3.82683],[105.43235,-3.82639],[105.43172,-3.8257],[105.43087,-3.82492],[105.43005,-3.82344],[105.43005,-3.82175],[105.43005,-3.81994],[105.43071,-3.81841],[105.43224,-3.81464],[105.43301,-3.81224],[105.4335,-3.8101],[105.43388,-3.80502],[105.43432,-3.79988],[105.43447,-3.79919],[105.43481,-3.79759],[105.43514,-3.79513],[105.43656,-3.79157],[105.43661,-3.78966],[105.43618,-3.78726],[105.43514,-3.78572],[105.43459,-3.78501],[105.43273,-3.78376],[105.43022,-3.78266],[105.42568,-3.78086],[105.42509,-3.78058],[105.421,-3.77895],[105.41279,-3.77735],[105.40393,-3.77865],[105.39023,-3.77949],[105.38405,-3.78201],[105.38266,-3.7833],[105.37787,-3.78755],[105.37447,-3.79147],[105.37158,-3.7941],[105.37153,-3.79414],[105.37042,-3.79429],[105.88478,-3.97979]]],[[[105.65473,-3.73948],[105.67568,-3.7406],[105.68474,-3.73889],[105.68885,-3.74218],[105.69091,-3.74383],[105.69607,-3.74795],[105.69822,-3.75073],[105.70557,-3.76023],[105.70571,-3.76041],[105.70628,-3.76778],[105.70233,-3.77912],[105.69786,-3.79108],[105.69724,-3.79273],[105.70952,-3.81336],[105.70971,-3.81369],[105.71255,-3.82048],[105.7181,-3.83275],[105.72049,-3.83805],[105.72559,-3.84144],[105.72875,-3.84565],[105.72899,-3.84597],[105.74259,-3.84766],[105.74938,-3.84822],[105.76184,-3.84991],[105.76221,-3.85057],[105.76565,-3.85655],[105.77307,-3.86662],[105.77812,-3.87512],[105.79109,-3.87667],[105.80751,-3.88036],[105.82869,-3.88352],[105.84139,-3.87609],[105.85198,-3.86972],[105.85938,-3.85858],[105.86461,-3.84704],[105.86466,-3.84692],[105.86624,-3.83102],[105.86092,-3.80664],[105.85873,-3.79725],[105.8556,-3.78386],[105.85414,-3.7763],[105.85294,-3.77008],[105.8529,-3.76978],[105.85202,-3.76304],[105.85147,-3.75886],[105.85134,-3.75789],[105.85134,-3.75645],[105.85133,-3.75047],[105.85125,-3.75037],[105.85032,-3.74931],[105.8532,-3.74482],[105.85358,-3.74424],[105.86507,-3.73781],[105.88002,-3.74443],[105.89035,-3.75089],[105.90689,-3.76126],[105.91318,-3.76767],[105.92499,-3.77506],[105.92511,-3.77522],[105.93627,-3.79027],[105.93729,-3.79145],[105.94852,-3.80451],[105.95069,-3.80773],[105.95253,-3.81049],[105.95611,-3.81461],[105.96045,-3.82309],[105.96041,-3.83009],[105.96036,-3.83952],[105.95781,-3.84799],[105.95492,-3.85756],[105.95432,-3.85954],[105.95271,-3.86265],[105.94666,-3.87438],[105.9446,-3.87837],[105.94341,-3.88337],[105.94244,-3.88327],[105.94316,-3.88564],[105.94044,-3.89146],[105.93863,-3.89534],[105.93752,-3.89773],[105.92839,-3.91547],[105.92558,-3.92092],[105.91434,-3.93638],[105.91026,-3.94261],[105.90748,-3.94686],[105.89956,-3.95896],[105.89682,-3.96315],[105.89418,-3.96651],[105.89314,-3.96784],[105.8885,-3.9785],[105.88492,-3.97937],[105.88478,-3.97979],[105.65473,-3.73948]]],[[[105.62557,-3.70577],[105.63032,-3.71956],[105.63094,-3.72136],[105.64192,-3.72973],[105.64284,-3.73042],[105.64355,-3.73097],[105.65473,-3.73948],[105.62557,-3.70577]]],[[[105.3591,-3.6158],[105.36382,-3.61624],[105.36443,-3.61622],[105.36921,-3.616],[105.37869,-3.61557],[105.38453,-3.61563],[105.39406,-3.61573],[105.41121,-3.61841],[105.41286,-3.61862],[105.42174,-3.6198],[105.43349,-3.62218],[105.43685,-3.62286],[105.45902,-3.62667],[105.47914,-3.63117],[105.49968,-3.63099],[105.50914,-3.63025],[105.51391,-3.63058],[105.51905,-3.63128],[105.52183,-3.63223],[105.52526,-3.63256],[105.5278,-3.63181],[105.52923,-3.63189],[105.5325,-3.63338],[105.53444,-3.63414],[105.537,-3.63515],[105.54226,-3.63791],[105.54451,-3.63909],[105.54967,-3.63961],[105.55278,-3.63915],[105.55283,-3.63914],[105.57018,-3.63659],[105.57391,-3.63605],[105.58394,-3.63323],[105.59121,-3.6302],[105.59687,-3.62623],[105.59812,-3.62739],[105.61079,-3.61542],[105.61091,-3.61554],[105.62429,-3.63031],[105.63688,-3.63572],[105.64347,-3.64083],[105.64677,-3.64339],[105.64902,-3.65016],[105.63644,-3.66191],[105.63635,-3.66211],[105.63061,-3.67411],[105.63081,-3.67613],[105.63197,-3.68765],[105.62697,-3.70039],[105.62524,-3.70482],[105.62557,-3.70577],[105.3591,-3.6158]]],[[[105.3406,-3.61668],[105.34498,-3.61635],[105.35003,-3.61597],[105.35608,-3.61552],[105.3591,-3.6158],[105.3406,-3.61668]]],[[[105.37041,-3.79429],[105.36892,-3.79467],[105.36862,-3.79573],[105.36827,-3.79645],[105.36589,-3.79814],[105.36457,-3.79827],[105.36453,-3.79828],[105.36431,-3.7983],[105.36305,-3.79844],[105.36166,-3.79832],[105.35874,-3.79733],[105.35874,-3.79733],[105.35732,-3.7964],[105.35476,-3.79277],[105.35152,-3.78309],[105.35096,-3.77632],[105.35226,-3.76116],[105.35274,-3.75618],[105.35162,-3.75265],[105.35118,-3.75013],[105.34923,-3.7466],[105.3485,-3.74443],[105.34397,-3.73475],[105.34344,-3.73344],[105.34247,-3.73109],[105.34235,-3.73079],[105.34174,-3.73001],[105.34039,-3.72829],[105.33927,-3.72731],[105.33768,-3.72591],[105.33621,-3.7247],[105.33579,-3.72449],[105.33476,-3.72398],[105.33323,-3.72382],[105.33232,-3.72406],[105.33143,-3.72417],[105.32935,-3.72477],[105.32656,-3.72587],[105.32531,-3.72636],[105.32421,-3.7268],[105.32164,-3.72827],[105.3205,-3.72893],[105.31957,-3.73057],[105.31875,-3.73193],[105.31831,-3.73379],[105.3176,-3.73685],[105.31732,-3.73789],[105.31661,-3.73981],[105.31623,-3.7415],[105.31558,-3.74418],[105.31476,-3.7462],[105.31394,-3.74839],[105.31323,-3.7509],[105.31262,-3.7526],[105.3118,-3.75402],[105.3106,-3.75533],[105.30942,-3.75615],[105.30901,-3.75623],[105.3079,-3.7561],[105.30568,-3.75516],[105.30483,-3.75443],[105.30351,-3.75404],[105.3027,-3.75366],[105.30146,-3.7531],[105.29937,-3.7522],[105.29873,-3.75169],[105.29864,-3.75139],[105.29851,-3.75096],[105.29831,-3.75056],[105.29809,-3.7501],[105.29779,-3.74916],[105.29779,-3.74869],[105.29745,-3.74787],[105.29757,-3.7471],[105.29791,-3.74693],[105.2983,-3.74612],[105.2986,-3.74522],[105.29885,-3.74436],[105.29885,-3.74354],[105.29881,-3.74226],[105.29885,-3.74089],[105.29878,-3.74069],[105.29868,-3.73921],[105.29872,-3.73836],[105.29847,-3.73763],[105.29829,-3.73677],[105.29817,-3.736],[105.29778,-3.73561],[105.29768,-3.73531],[105.29761,-3.7351],[105.2974,-3.73441],[105.29714,-3.73411],[105.29676,-3.73364],[105.2965,-3.73287],[105.29603,-3.73244],[105.29552,-3.73193],[105.29543,-3.73184],[105.29475,-3.73137],[105.29403,-3.73094],[105.29326,-3.73069],[105.29275,-3.73082],[105.29194,-3.73082],[105.29138,-3.73073],[105.29116,-3.73073],[105.291,-3.73073],[105.29066,-3.73077],[105.29031,-3.73137],[105.28963,-3.73193],[105.28891,-3.73279],[105.28848,-3.73313],[105.2881,-3.73369],[105.28754,-3.73412],[105.28703,-3.73485],[105.28588,-3.7354],[105.28498,-3.73575],[105.2837,-3.73639],[105.28242,-3.73721],[105.28148,-3.73781],[105.28046,-3.73789],[105.27939,-3.73811],[105.27884,-3.73862],[105.27807,-3.73926],[105.27773,-3.73956],[105.2773,-3.73997],[105.27548,-3.73987],[105.27544,-3.73984],[105.27374,-3.7388],[105.27064,-3.7369],[105.26703,-3.73529],[105.259,-3.7317],[105.25876,-3.73155],[105.25632,-3.72997],[105.25465,-3.72947],[105.2493,-3.72656],[105.24869,-3.72443],[105.24997,-3.72287],[105.25404,-3.72085],[105.25587,-3.719],[105.25825,-3.71443],[105.25824,-3.71294],[105.25879,-3.71159],[105.25892,-3.70866],[105.25865,-3.7056],[105.25863,-3.70559],[105.2564,-3.70506],[105.25282,-3.70227],[105.24897,-3.69894],[105.24658,-3.69601],[105.24539,-3.69281],[105.24524,-3.69229],[105.24406,-3.68828],[105.24353,-3.68468],[105.24313,-3.68189],[105.243,-3.67789],[105.24326,-3.67496],[105.24353,-3.67469],[105.24339,-3.67149],[105.24167,-3.66896],[105.23743,-3.66817],[105.23464,-3.66897],[105.23292,-3.67043],[105.22894,-3.67083],[105.22549,-3.6707],[105.22324,-3.67003],[105.22085,-3.6683],[105.21979,-3.6663],[105.21965,-3.66257],[105.22024,-3.65866],[105.22096,-3.65834],[105.22221,-3.65763],[105.22235,-3.6574],[105.2233,-3.65583],[105.22235,-3.65407],[105.21948,-3.65305],[105.21837,-3.65132],[105.21832,-3.65035],[105.21826,-3.6493],[105.21749,-3.646],[105.21793,-3.64259],[105.21882,-3.6413],[105.22353,-3.6415],[105.22533,-3.64158],[105.22635,-3.64184],[105.22728,-3.64208],[105.22856,-3.64096],[105.22906,-3.63811],[105.22684,-3.63649],[105.22466,-3.63302],[105.2245,-3.62983],[105.22628,-3.62726],[105.22828,-3.6249],[105.23045,-3.62088],[105.22995,-3.61802],[105.22889,-3.61517],[105.22961,-3.61282],[105.23056,-3.61251],[105.23958,-3.60952],[105.24676,-3.60666],[105.25178,-3.60481],[105.2526,-3.60438],[105.25738,-3.6019],[105.2587,-3.60122],[105.25968,-3.60071],[105.26235,-3.59933],[105.26275,-3.5994],[105.26693,-3.60015],[105.27094,-3.60088],[105.27594,-3.60178],[105.27845,-3.60441],[105.28111,-3.60539],[105.28407,-3.60648],[105.2907,-3.60765],[105.29638,-3.61157],[105.2975,-3.61202],[105.29839,-3.61291],[105.30638,-3.61455],[105.31134,-3.61556],[105.31186,-3.6114],[105.32246,-3.61332],[105.32861,-3.61443],[105.34067,-3.6131],[105.34049,-3.61664],[105.34049,-3.61669],[105.3406,-3.61668],[105.37041,-3.79429]]]]}},{"type":"Feature","properties":{"NAMOBJ":"Pedamaran","WADMKC":"Pedamaran","WADMKK":"Ogan Komering Ilir","WADMPR":"Sumatera Selatan","KDCPUM":"id1602040","KDPKAB":"16.02","JUMLAH_DESA":14,"CENTER_LAT":-3.48397,"CENTER_LNG":104.9326},"geometry":{"type":"MultiPolygon","coordinates":[[[[104.91377,-3.55801],[104.91316,-3.5637],[104.91168,-3.56388],[104.9095,-3.57027],[104.91072,-3.57298],[104.91159,-3.57552],[104.91333,-3.57832],[104.9136,-3.58051],[104.91577,-3.5806],[104.9163,-3.5813],[104.91412,-3.58402],[104.91734,-3.5841],[104.91804,-3.58664],[104.91333,-3.59058],[104.91236,-3.59063],[104.90959,-3.59076],[104.90689,-3.59408],[104.90732,-3.59863],[104.90375,-3.59898],[104.90192,-3.60091],[104.90261,-3.60468],[104.90113,-3.60424],[104.90017,-3.6052],[104.89608,-3.60546],[104.89556,-3.60327],[104.89266,-3.6061],[104.89242,-3.60634],[104.89259,-3.60853],[104.89094,-3.60809],[104.8905,-3.60896],[104.88832,-3.6087],[104.88632,-3.60686],[104.88493,-3.60721],[104.88495,-3.60898],[104.88353,-3.60878],[104.88211,-3.6098],[104.88232,-3.61203],[104.88474,-3.61183],[104.88596,-3.61244],[104.88333,-3.61407],[104.88296,-3.61386],[104.88191,-3.61325],[104.8811,-3.61488],[104.88001,-3.61489],[104.85673,-3.61513],[104.84291,-3.61526],[104.8315,-3.61538],[104.83113,-3.61538],[104.83147,-3.60764],[104.83154,-3.6061],[104.83739,-3.59942],[104.84407,-3.59576],[104.84511,-3.59309],[104.84606,-3.59068],[104.8467,-3.58905],[104.82909,-3.58925],[104.82901,-3.58628],[104.82888,-3.58157],[104.82864,-3.57297],[104.82828,-3.55975],[104.82809,-3.55285],[104.82797,-3.55286],[104.82128,-3.55298],[104.80943,-3.5532],[104.80849,-3.54673],[104.80731,-3.53859],[104.80703,-3.53665],[104.80785,-3.53658],[104.8078,-3.5344],[104.80768,-3.52947],[104.80745,-3.52011],[104.80949,-3.51407],[104.8119,-3.50689],[104.81065,-3.49518],[104.81049,-3.49368],[104.81586,-3.49248],[104.81422,-3.48339],[104.8138,-3.48338],[104.8116,-3.47998],[104.81152,-3.47985],[104.80676,-3.47509],[104.8064,-3.47473],[104.80386,-3.47218],[104.80223,-3.47056],[104.79941,-3.46773],[104.79778,-3.4661],[104.80035,-3.46596],[104.80252,-3.46584],[104.80528,-3.4639],[104.80811,-3.46191],[104.81407,-3.45772],[104.81412,-3.45736],[104.81535,-3.45726],[104.81537,-3.45726],[104.81552,-3.45725],[104.81772,-3.45719],[104.82054,-3.45712],[104.82153,-3.45741],[104.82346,-3.45797],[104.82618,-3.45876],[104.82849,-3.45943],[104.8303,-3.45995],[104.83264,-3.46063],[104.83265,-3.4606],[104.83372,-3.46089],[104.83376,-3.46066],[104.83399,-3.4593],[104.83399,-3.45771],[104.83419,-3.45704],[104.83504,-3.45414],[104.83545,-3.45288],[104.83612,-3.45101],[104.83614,-3.45097],[104.83804,-3.44571],[104.83854,-3.44433],[104.84047,-3.44174],[104.84339,-3.43782],[104.84355,-3.4376],[104.84605,-3.43425],[104.84867,-3.43329],[104.85077,-3.43253],[104.85287,-3.43176],[104.86221,-3.42835],[104.86478,-3.42741],[104.86668,-3.42652],[104.87768,-3.42136],[104.88739,-3.4168],[104.88747,-3.41676],[104.89824,-3.41084],[104.89838,-3.41076],[104.90506,-3.40511],[104.9055,-3.40467],[104.91282,-3.39731],[104.91283,-3.39724],[104.91412,-3.38735],[104.91516,-3.38445],[104.91756,-3.37782],[104.92082,-3.37504],[104.92085,-3.37502],[104.92754,-3.36931],[104.93409,-3.36373],[104.93469,-3.36638],[104.93642,-3.36399],[104.94161,-3.36051],[104.94507,-3.35573],[104.95242,-3.35182],[104.95394,-3.35247],[104.95545,-3.35139],[104.96194,-3.35247],[104.96648,-3.35117],[104.97037,-3.34835],[104.97296,-3.34617],[104.97642,-3.34791],[104.97967,-3.35573],[104.98464,-3.35943],[104.98939,-3.36551],[104.99515,-3.36891],[104.99956,-3.37073],[105.00453,-3.37159],[105.00972,-3.37377],[105.01556,-3.37312],[105.02658,-3.37159],[105.02983,-3.37094],[105.03393,-3.37181],[105.03718,-3.37312],[105.04237,-3.37681],[105.04539,-3.37898],[105.05231,-3.38224],[105.05306,-3.38249],[105.06269,-3.38572],[105.07437,-3.38811],[105.08496,-3.38919],[105.09577,-3.38876],[105.10809,-3.38767],[105.11912,-3.38506],[105.1228,-3.38158],[105.13058,-3.37463],[105.13923,-3.37028],[105.15198,-3.36528],[105.17409,-3.35782],[105.17109,-3.36717],[105.16374,-3.37654],[105.1607,-3.38567],[105.16426,-3.39969],[105.1702,-3.41432],[105.1708,-3.41909],[105.16902,-3.42237],[105.16744,-3.42342],[105.16337,-3.42088],[105.15833,-3.42088],[105.15536,-3.42506],[105.15447,-3.43133],[105.15506,-3.43938],[105.15031,-3.44774],[105.14634,-3.44962],[105.14467,-3.45759],[105.142,-3.46415],[105.13695,-3.46684],[105.13072,-3.46416],[105.12389,-3.46505],[105.11884,-3.46834],[105.11498,-3.47192],[105.11082,-3.47371],[105.1065,-3.47463],[105.09805,-3.47998],[105.10013,-3.48326],[105.10696,-3.48415],[105.10696,-3.49251],[105.10229,-3.49292],[105.09687,-3.4934],[105.09598,-3.50385],[105.09131,-3.50397],[105.07281,-3.50445],[105.07281,-3.4955],[104.96367,-3.4993],[104.95248,-3.49969],[104.95408,-3.51199],[104.96495,-3.5954],[104.96383,-3.59503],[104.95715,-3.58919],[104.94719,-3.58048],[104.92156,-3.55806],[104.91377,-3.55052],[104.9136,-3.55035],[104.91348,-3.5506],[104.91287,-3.55192],[104.91377,-3.55801]]]]}},{"type":"Feature","properties":{"NAMOBJ":"Tulung Selapan","WADMKC":"Tulung Selapan","WADMKK":"Ogan Komering Ilir","WADMPR":"Sumatera Selatan","KDCPUM":"id1602030","KDPKAB":"16.02","JUMLAH_DESA":23,"CENTER_LAT":-3.24611,"CENTER_LNG":105.69017},"geometry":{"type":"MultiPolygon","coordinates":[[[[105.21824,-3.24923],[105.21693,-3.24528],[105.21394,-3.24227],[105.21319,-3.23526],[105.2112,-3.23176],[105.20522,-3.228],[105.20297,-3.2235],[105.19749,-3.21674],[105.19166,-3.20816],[105.19052,-3.20648],[105.19126,-3.20222],[105.19301,-3.19546],[105.19312,-3.19488],[105.1945,-3.18795],[105.19674,-3.18194],[105.19948,-3.17819],[105.20172,-3.17393],[105.20022,-3.16992],[105.19942,-3.1686],[105.19854,-3.16715],[105.19748,-3.16542],[105.19741,-3.16451],[105.19698,-3.15891],[105.19873,-3.1544],[105.20097,-3.14939],[105.20993,-3.13512],[105.21367,-3.13337],[105.21765,-3.13287],[105.22089,-3.12686],[105.22537,-3.1241],[105.22836,-3.12335],[105.23135,-3.1231],[105.23583,-3.12385],[105.23633,-3.12911],[105.23836,-3.1306],[105.23907,-3.13111],[105.24754,-3.12912],[105.25175,-3.127],[105.26674,-3.11112],[105.29905,-3.08374],[105.33207,-3.05576],[105.34856,-3.04179],[105.3675,-3.02274],[105.37618,-3.00792],[105.37749,-3.00157],[105.37658,-2.99738],[105.37617,-2.99549],[105.37117,-2.98809],[105.37064,-2.98438],[105.36434,-2.98241],[105.3873,-2.95594],[105.44274,-2.90163],[105.46876,-2.88556],[105.57112,-2.82234],[105.62066,-2.79271],[105.67177,-2.76213],[105.73158,-2.72688],[105.76853,-2.70588],[105.7783,-2.69768],[105.78643,-2.68949],[105.78692,-2.68962],[105.79675,-2.69221],[105.80002,-2.70262],[105.80262,-2.71702],[105.80395,-2.73404],[105.80396,-2.74976],[105.80661,-2.76416],[105.80662,-2.77202],[105.80663,-2.78773],[105.804,-2.80214],[105.80005,-2.81785],[105.8027,-2.82702],[105.80139,-2.84011],[105.80271,-2.85321],[105.79819,-2.8769],[105.80405,-2.88071],[105.81064,-2.89876],[105.8169,-2.90834],[105.82845,-2.92448],[105.83178,-2.92914],[105.84796,-2.93944],[105.85118,-2.94149],[105.86453,-2.95239],[105.88061,-2.96707],[105.90172,-2.9736],[105.92809,-2.96703],[105.95183,-2.96832],[105.94592,-2.96193],[105.95184,-2.96186],[105.95974,-2.96177],[105.96337,-2.95299],[105.9716,-2.9539],[105.97892,-2.95317],[105.98876,-2.97091],[105.99902,-2.96778],[106.01403,-2.97331],[106.04138,-2.9834],[106.05132,-2.98709],[106.05473,-2.99834],[106.06002,-3.01274],[106.064,-3.02976],[106.064,-3.03369],[106.064,-3.035],[106.06797,-3.05071],[106.07063,-3.06511],[106.07064,-3.07558],[106.06932,-3.07951],[106.06142,-3.09392],[106.06276,-3.11094],[106.06724,-3.1148],[106.06013,-3.1188],[106.0641,-3.13189],[106.06913,-3.13735],[106.06916,-3.13766],[106.07191,-3.14643],[106.07406,-3.1521],[106.07855,-3.16366],[106.08361,-3.17671],[106.0872,-3.18599],[106.08932,-3.19168],[106.09209,-3.20097],[106.09626,-3.22051],[106.09655,-3.22186],[106.0981,-3.22822],[106.09613,-3.24081],[106.09315,-3.24614],[106.08761,-3.25606],[106.07651,-3.26434],[106.06687,-3.26544],[106.06734,-3.27119],[106.05814,-3.27465],[106.05625,-3.27587],[106.03786,-3.27857],[106.02636,-3.28689],[106.02336,-3.28906],[106.00554,-3.30293],[106.00255,-3.30526],[105.99979,-3.30725],[105.995,-3.31068],[105.99316,-3.312],[105.99105,-3.31254],[105.98924,-3.31249],[105.98732,-3.31146],[105.9857,-3.31538],[105.98551,-3.31584],[105.98395,-3.31722],[105.97723,-3.32314],[105.97611,-3.32423],[105.96153,-3.33849],[105.95907,-3.33816],[105.95672,-3.3368],[105.95609,-3.33644],[105.95441,-3.34206],[105.95438,-3.34218],[105.94546,-3.35613],[105.93408,-3.36039],[105.93307,-3.36077],[105.93521,-3.36138],[105.939,-3.36247],[105.93723,-3.36482],[105.93721,-3.36484],[105.93505,-3.36771],[105.93242,-3.37819],[105.93233,-3.3783],[105.92319,-3.38998],[105.91156,-3.40892],[105.9087,-3.41357],[105.89973,-3.42481],[105.89079,-3.42456],[105.89119,-3.42371],[105.88738,-3.41989],[105.88708,-3.41959],[105.88144,-3.41381],[105.87609,-3.40738],[105.87549,-3.40635],[105.87329,-3.40258],[105.87284,-3.40197],[105.87031,-3.39851],[105.86767,-3.39605],[105.86657,-3.39502],[105.86175,-3.39122],[105.85835,-3.38849],[105.85466,-3.38621],[105.84958,-3.38251],[105.84829,-3.38158],[105.84156,-3.37681],[105.83761,-3.37426],[105.83599,-3.37321],[105.83377,-3.36986],[105.83199,-3.36718],[105.83116,-3.36594],[105.82548,-3.36211],[105.8219,-3.36093],[105.8213,-3.36073],[105.81853,-3.35757],[105.81647,-3.35523],[105.8117,-3.35284],[105.80453,-3.35324],[105.80064,-3.35324],[105.79657,-3.35325],[105.79223,-3.35125],[105.79021,-3.35205],[105.79021,-3.35645],[105.78743,-3.35805],[105.78123,-3.35551],[105.77867,-3.35446],[105.77946,-3.35086],[105.77986,-3.34886],[105.77588,-3.34846],[105.7711,-3.34727],[105.76919,-3.34604],[105.76402,-3.34274],[105.75796,-3.33568],[105.75477,-3.33448],[105.7512,-3.34009],[105.74761,-3.33849],[105.74642,-3.33209],[105.74243,-3.32689],[105.74017,-3.32699],[105.74017,-3.32698],[105.73957,-3.32482],[105.73955,-3.31914],[105.73606,-3.3197],[105.73374,-3.32389],[105.73089,-3.3249],[105.72611,-3.32411],[105.72247,-3.32778],[105.71895,-3.32851],[105.71776,-3.32611],[105.71895,-3.32131],[105.72213,-3.31931],[105.72412,-3.31731],[105.72334,-3.31569],[105.71947,-3.31236],[105.71456,-3.30812],[105.7145,-3.30735],[105.71416,-3.30332],[105.71734,-3.29932],[105.7175,-3.29525],[105.71588,-3.29394],[105.7131,-3.29213],[105.7109,-3.29033],[105.71089,-3.28963],[105.71094,-3.2892],[105.711,-3.28871],[105.7111,-3.28785],[105.71124,-3.28576],[105.71096,-3.284],[105.71011,-3.2824],[105.70871,-3.28016],[105.70739,-3.27883],[105.70494,-3.27903],[105.7027,-3.28011],[105.70071,-3.28184],[105.69875,-3.28276],[105.69702,-3.28276],[105.69536,-3.28239],[105.69393,-3.28032],[105.69383,-3.27845],[105.69402,-3.27628],[105.69504,-3.27381],[105.69614,-3.27207],[105.69712,-3.26929],[105.69547,-3.26585],[105.69213,-3.26465],[105.68941,-3.26299],[105.68635,-3.25992],[105.68527,-3.25833],[105.684,-3.25577],[105.67891,-3.25663],[105.67879,-3.2584],[105.67847,-3.26103],[105.67633,-3.26575],[105.67393,-3.26589],[105.67083,-3.26608],[105.66854,-3.26559],[105.66728,-3.26555],[105.66424,-3.26601],[105.66123,-3.26662],[105.65812,-3.26663],[105.65669,-3.26588],[105.65505,-3.26404],[105.6551,-3.26299],[105.65787,-3.26047],[105.65927,-3.25915],[105.66018,-3.25798],[105.66091,-3.25677],[105.66156,-3.25464],[105.66186,-3.25264],[105.66144,-3.25178],[105.66118,-3.25032],[105.65944,-3.24842],[105.65657,-3.24635],[105.65259,-3.24441],[105.6496,-3.24581],[105.64991,-3.2483],[105.64977,-3.25044],[105.64944,-3.252],[105.64891,-3.25389],[105.64702,-3.2555],[105.64559,-3.25629],[105.64368,-3.25664],[105.6415,-3.25717],[105.64003,-3.25734],[105.63697,-3.25718],[105.63691,-3.25712],[105.63395,-3.2539],[105.63355,-3.2519],[105.63329,-3.24966],[105.6313,-3.24661],[105.62926,-3.24525],[105.62636,-3.24454],[105.6251,-3.24524],[105.62323,-3.24687],[105.6234,-3.24931],[105.62429,-3.2517],[105.62462,-3.25401],[105.6249,-3.25568],[105.62351,-3.25834],[105.62152,-3.25982],[105.62003,-3.26204],[105.61779,-3.26403],[105.61556,-3.26427],[105.61433,-3.26352],[105.61295,-3.26216],[105.61227,-3.2614],[105.61135,-3.2604],[105.61081,-3.25928],[105.60981,-3.25814],[105.60859,-3.25687],[105.60759,-3.25539],[105.6056,-3.25441],[105.60411,-3.25391],[105.60212,-3.25416],[105.59963,-3.2549],[105.59839,-3.25712],[105.5979,-3.25959],[105.5979,-3.2628],[105.59641,-3.26552],[105.59492,-3.26799],[105.59344,-3.26831],[105.59025,-3.26915],[105.58671,-3.2719],[105.58487,-3.2725],[105.58194,-3.27347],[105.5746,-3.27695],[105.57239,-3.27871],[105.57445,-3.28041],[105.57195,-3.28138],[105.56957,-3.2855],[105.56659,-3.28944],[105.5641,-3.29192],[105.55993,-3.29335],[105.5549,-3.29316],[105.55217,-3.29192],[105.54893,-3.29069],[105.5462,-3.29662],[105.54272,-3.30007],[105.54229,-3.30058],[105.53999,-3.30328],[105.53675,-3.30698],[105.53104,-3.31045],[105.52767,-3.31198],[105.52342,-3.31513],[105.52233,-3.3186],[105.52259,-3.3223],[105.52358,-3.32502],[105.52234,-3.32823],[105.52016,-3.32996],[105.51985,-3.3302],[105.51738,-3.33253],[105.51339,-3.33166],[105.50998,-3.33215],[105.50512,-3.33313],[105.50283,-3.33407],[105.49684,-3.33656],[105.4957,-3.33687],[105.48809,-3.339],[105.48614,-3.33949],[105.48322,-3.33901],[105.48277,-3.33862],[105.47981,-3.33607],[105.47446,-3.33119],[105.4734,-3.33119],[105.46959,-3.33119],[105.46114,-3.33587],[105.45986,-3.33657],[105.4581,-3.33904],[105.45477,-3.34369],[105.45319,-3.34711],[105.45055,-3.35114],[105.44514,-3.35721],[105.44165,-3.35856],[105.44236,-3.36201],[105.44285,-3.36592],[105.44479,-3.36935],[105.44382,-3.37521],[105.43895,-3.37787],[105.43841,-3.3801],[105.43715,-3.38299],[105.43505,-3.38733],[105.4341,-3.38838],[105.43253,-3.39011],[105.42833,-3.39321],[105.42573,-3.3931],[105.42162,-3.39164],[105.42063,-3.39167],[105.41785,-3.39174],[105.4085,-3.39539],[105.40128,-3.398],[105.39563,-3.39953],[105.38719,-3.40047],[105.38258,-3.4011],[105.37915,-3.40298],[105.37476,-3.40568],[105.37064,-3.40704],[105.3659,-3.4081],[105.34106,-3.40667],[105.33617,-3.40409],[105.33161,-3.40253],[105.32614,-3.40155],[105.31564,-3.39733],[105.30766,-3.39461],[105.29555,-3.39038],[105.29503,-3.39019],[105.28953,-3.38737],[105.28549,-3.3875],[105.2821,-3.38804],[105.27943,-3.3887],[105.27602,-3.38869],[105.27184,-3.38559],[105.27092,-3.38491],[105.26787,-3.37966],[105.26538,-3.3748],[105.26152,-3.37135],[105.25661,-3.3651],[105.25281,-3.36039],[105.25164,-3.35641],[105.25021,-3.35194],[105.2473,-3.34806],[105.24241,-3.34243],[105.23499,-3.33379],[105.22724,-3.3267],[105.21841,-3.31979],[105.21697,-3.31866],[105.21076,-3.31312],[105.20501,-3.30688],[105.20208,-3.30376],[105.20098,-3.30128],[105.19885,-3.29723],[105.1947,-3.29364],[105.1903,-3.28916],[105.19153,-3.28659],[105.1958,-3.27697],[105.19775,-3.27257],[105.20048,-3.26768],[105.20151,-3.26584],[105.20697,-3.25604],[105.21394,-3.25479],[105.21718,-3.25354],[105.21842,-3.24978],[105.21824,-3.24923]]],[[[106.16452,-3.29644],[106.16544,-3.29654],[106.16642,-3.29645],[106.1678,-3.29678],[106.16833,-3.29689],[106.17049,-3.29802],[106.17125,-3.2982],[106.17176,-3.29855],[106.17219,-3.2988],[106.17289,-3.29924],[106.17316,-3.29936],[106.17338,-3.29924],[106.17405,-3.29967],[106.17495,-3.30007],[106.17563,-3.30037],[106.17632,-3.30062],[106.17712,-3.30093],[106.17767,-3.30126],[106.17846,-3.30182],[106.17975,-3.3029],[106.18043,-3.30405],[106.18167,-3.3049],[106.18184,-3.30502],[106.18211,-3.30534],[106.18233,-3.3055],[106.18307,-3.30582],[106.18379,-3.30646],[106.185,-3.30772],[106.18722,-3.30973],[106.18873,-3.31165],[106.18931,-3.31361],[106.18945,-3.31556],[106.1888,-3.31672],[106.1871,-3.31673],[106.18436,-3.31595],[106.18223,-3.31526],[106.18057,-3.3144],[106.17966,-3.31389],[106.17822,-3.31285],[106.17614,-3.31143],[106.17319,-3.30998],[106.17248,-3.30935],[106.17159,-3.30865],[106.1641,-3.30178],[106.16196,-3.29909],[106.16173,-3.29876],[106.16177,-3.29708],[106.16226,-3.29682],[106.16325,-3.29645],[106.16411,-3.29634],[106.16452,-3.29644]]]]}},{"type":"Feature","properties":{"NAMOBJ":"Pedamaran Timur","WADMKC":"Pedamaran Timur","WADMKK":"Ogan Komering Ilir","WADMPR":"Sumatera Selatan","KDCPUM":"id1602041","KDPKAB":"16.02","JUMLAH_DESA":7,"CENTER_LAT":-3.56856,"CENTER_LNG":105.18087},"geometry":{"type":"MultiPolygon","coordinates":[[[[105.32572,-3.5991],[105.31909,-3.60157],[105.30817,-3.60081],[105.3042,-3.60364],[105.30534,-3.60704],[105.30534,-3.61044],[105.30638,-3.61455],[105.29839,-3.61291],[105.2975,-3.61202],[105.29638,-3.61157],[105.2907,-3.60765],[105.28407,-3.60648],[105.28111,-3.60539],[105.27845,-3.60441],[105.27594,-3.60178],[105.27094,-3.60088],[105.26693,-3.60015],[105.26275,-3.5994],[105.26235,-3.59933],[105.25968,-3.60071],[105.2587,-3.60122],[105.25738,-3.6019],[105.2526,-3.60438],[105.25178,-3.60481],[105.24676,-3.60666],[105.23958,-3.60952],[105.23056,-3.61251],[105.22961,-3.61282],[105.22889,-3.61517],[105.22995,-3.61802],[105.23045,-3.62088],[105.22828,-3.6249],[105.22628,-3.62726],[105.2245,-3.62983],[105.22466,-3.63302],[105.22684,-3.63649],[105.22906,-3.63811],[105.22856,-3.64096],[105.22728,-3.64208],[105.22635,-3.64184],[105.22533,-3.64158],[105.22353,-3.6415],[105.21882,-3.6413],[105.21793,-3.64259],[105.21749,-3.646],[105.21826,-3.6493],[105.21832,-3.65035],[105.21837,-3.65132],[105.21948,-3.65305],[105.22235,-3.65407],[105.2233,-3.65583],[105.22235,-3.6574],[105.22221,-3.65763],[105.22096,-3.65834],[105.22024,-3.65866],[105.21946,-3.65901],[105.21565,-3.65764],[105.2132,-3.65676],[105.18627,-3.65347],[105.17712,-3.65235],[105.17089,-3.65159],[105.16265,-3.65058],[105.15688,-3.6608],[105.15356,-3.67527],[105.15243,-3.6802],[105.14495,-3.67992],[105.12462,-3.67915],[105.12094,-3.67901],[105.12102,-3.67862],[105.12154,-3.67603],[105.12005,-3.67066],[105.11873,-3.67019],[105.10982,-3.66704],[105.10906,-3.66678],[105.10639,-3.66409],[105.09748,-3.6623],[105.09059,-3.66566],[105.08768,-3.66708],[105.08638,-3.66472],[105.08632,-3.6646],[105.0749,-3.6438],[105.06005,-3.64351],[105.05678,-3.64112],[105.05144,-3.64321],[105.04349,-3.64303],[105.03212,-3.64278],[105.03206,-3.64095],[105.03178,-3.63095],[105.03144,-3.61916],[105.03117,-3.60975],[105.031,-3.60414],[105.02212,-3.60407],[105.02203,-3.60263],[104.99649,-3.60293],[104.99619,-3.59785],[104.9653,-3.59815],[104.96495,-3.5954],[104.95408,-3.51199],[104.95248,-3.49969],[104.96367,-3.4993],[105.07281,-3.4955],[105.07281,-3.50445],[105.09131,-3.50397],[105.09598,-3.50385],[105.09687,-3.4934],[105.10229,-3.49292],[105.10696,-3.49251],[105.10696,-3.48415],[105.10013,-3.48326],[105.09805,-3.47998],[105.1065,-3.47463],[105.11082,-3.47371],[105.11498,-3.47192],[105.11884,-3.46834],[105.12389,-3.46505],[105.13072,-3.46416],[105.13695,-3.46684],[105.142,-3.46415],[105.14467,-3.45759],[105.14634,-3.44962],[105.15031,-3.44774],[105.15506,-3.43938],[105.15447,-3.43133],[105.15536,-3.42506],[105.15833,-3.42088],[105.16337,-3.42088],[105.16744,-3.42342],[105.16902,-3.42237],[105.1708,-3.41909],[105.1702,-3.41432],[105.16426,-3.39969],[105.1607,-3.38567],[105.16374,-3.37654],[105.17109,-3.36717],[105.17409,-3.35782],[105.17433,-3.35707],[105.17859,-3.35882],[105.17903,-3.35082],[105.18357,-3.35669],[105.19724,-3.38303],[105.20443,-3.39703],[105.21252,-3.41915],[105.2236,-3.43008],[105.23725,-3.44353],[105.25568,-3.45979],[105.2725,-3.46933],[105.30422,-3.48732],[105.31591,-3.49951],[105.32625,-3.51079],[105.34198,-3.53021],[105.34963,-3.54691],[105.35113,-3.56004],[105.35143,-3.56272],[105.3438,-3.57807],[105.34021,-3.58891],[105.33842,-3.59456],[105.32855,-3.59796],[105.32572,-3.5991]]]]}},{"type":"Feature","properties":{"NAMOBJ":"Mesuji","WADMKC":"Mesuji","WADMKK":"Ogan Komering Ilir","WADMPR":"Sumatera Selatan","KDCPUM":"id1602020","KDPKAB":"16.02","JUMLAH_DESA":17,"CENTER_LAT":-3.97141,"CENTER_LNG":105.12583},"geometry":{"type":"MultiPolygon","coordinates":[[[[105.01666,-3.9568],[105.01856,-3.95531],[105.01302,-3.95276],[105.00025,-3.94687],[105.00153,-3.94558],[105.00197,-3.94514],[105.00251,-3.94242],[105.00261,-3.94189],[105.00886,-3.93908],[105.00836,-3.93832],[105.008,-3.93778],[105.00867,-3.93668],[105.01037,-3.93389],[105.01834,-3.93346],[105.01865,-3.93306],[105.01963,-3.93351],[105.01964,-3.93352],[105.01965,-3.93351],[105.02126,-3.93169],[105.02144,-3.93096],[105.02173,-3.9298],[105.02243,-3.92893],[105.02267,-3.92862],[105.02337,-3.92626],[105.02363,-3.92587],[105.02421,-3.925],[105.02431,-3.92485],[105.02384,-3.92273],[105.02384,-3.9206],[105.02529,-3.9198],[105.02585,-3.91949],[105.02596,-3.91943],[105.0283,-3.91919],[105.02971,-3.91919],[105.03065,-3.91777],[105.03206,-3.91707],[105.03206,-3.91621],[105.03206,-3.91567],[105.03206,-3.91542],[105.03089,-3.91353],[105.03042,-3.91046],[105.03159,-3.91023],[105.03417,-3.90905],[105.03605,-3.90875],[105.03758,-3.90851],[105.03863,-3.90834],[105.04138,-3.90467],[105.04145,-3.90457],[105.04403,-3.90457],[105.04403,-3.90456],[105.0438,-3.90292],[105.0445,-3.90009],[105.04403,-3.89867],[105.04389,-3.89722],[105.0438,-3.89631],[105.0438,-3.89396],[105.04529,-3.89189],[105.04568,-3.89136],[105.04831,-3.88985],[105.04896,-3.88948],[105.04849,-3.88712],[105.04849,-3.88563],[105.04849,-3.88452],[105.04817,-3.88388],[105.04977,-3.88326],[105.0516,-3.87917],[105.05208,-3.87809],[105.05387,-3.87824],[105.05616,-3.87547],[105.05644,-3.87483],[105.05795,-3.87143],[105.05848,-3.87104],[105.06485,-3.86636],[105.06446,-3.8662],[105.06436,-3.86166],[105.06421,-3.8541],[105.06477,-3.85256],[105.06596,-3.84927],[105.06178,-3.8419],[105.06226,-3.83887],[105.06266,-3.83635],[105.08936,-3.83482],[105.10075,-3.83417],[105.10136,-3.83413],[105.10138,-3.83368],[105.10177,-3.82613],[105.10516,-3.8261],[105.11482,-3.82601],[105.1201,-3.82017],[105.12425,-3.82157],[105.12837,-3.82296],[105.13065,-3.82373],[105.131,-3.82384],[105.131,-3.82385],[105.13101,-3.82384],[105.13109,-3.82375],[105.14353,-3.80911],[105.14595,-3.80626],[105.15674,-3.79816],[105.15938,-3.79617],[105.18585,-3.78091],[105.19014,-3.77843],[105.19408,-3.77615],[105.20004,-3.76584],[105.2216,-3.75552],[105.23621,-3.75747],[105.237,-3.75757],[105.24337,-3.75489],[105.24973,-3.74292],[105.25394,-3.7409],[105.25538,-3.73956],[105.25756,-3.73753],[105.25863,-3.73517],[105.25876,-3.73155],[105.259,-3.7317],[105.26703,-3.73529],[105.27064,-3.7369],[105.27374,-3.7388],[105.27544,-3.73984],[105.27548,-3.73987],[105.2773,-3.73997],[105.27773,-3.73956],[105.27807,-3.73926],[105.27884,-3.73862],[105.27939,-3.73811],[105.28046,-3.73789],[105.28148,-3.73781],[105.28242,-3.73721],[105.2837,-3.73639],[105.28498,-3.73575],[105.28588,-3.7354],[105.28703,-3.73485],[105.28754,-3.73412],[105.2881,-3.73369],[105.28848,-3.73313],[105.28891,-3.73279],[105.28963,-3.73193],[105.29031,-3.73137],[105.29066,-3.73077],[105.291,-3.73073],[105.29116,-3.73073],[105.29138,-3.73073],[105.29194,-3.73082],[105.29275,-3.73082],[105.29326,-3.73069],[105.29403,-3.73094],[105.29475,-3.73137],[105.29543,-3.73184],[105.29552,-3.73193],[105.29603,-3.73244],[105.2965,-3.73287],[105.29676,-3.73364],[105.29714,-3.73411],[105.2974,-3.73441],[105.29761,-3.7351],[105.29768,-3.73531],[105.29778,-3.73561],[105.29817,-3.736],[105.29829,-3.73677],[105.29847,-3.73763],[105.29872,-3.73836],[105.29868,-3.73921],[105.29878,-3.74069],[105.29885,-3.74089],[105.29881,-3.74226],[105.29885,-3.74354],[105.29885,-3.74436],[105.2986,-3.74522],[105.2983,-3.74612],[105.29791,-3.74693],[105.29757,-3.7471],[105.29745,-3.74787],[105.29779,-3.74869],[105.29779,-3.74916],[105.29809,-3.7501],[105.29831,-3.75056],[105.29851,-3.75096],[105.29864,-3.75139],[105.29873,-3.75169],[105.29937,-3.7522],[105.30146,-3.7531],[105.3027,-3.75366],[105.30351,-3.75404],[105.30483,-3.75443],[105.30568,-3.75516],[105.3079,-3.7561],[105.30901,-3.75623],[105.30942,-3.75615],[105.30934,-3.7562],[105.30874,-3.75691],[105.30834,-3.75805],[105.30833,-3.75807],[105.30833,-3.7581],[105.30798,-3.7591],[105.30781,-3.76085],[105.30787,-3.76271],[105.30803,-3.76407],[105.30858,-3.76659],[105.30868,-3.76709],[105.30892,-3.77332],[105.30896,-3.77555],[105.30858,-3.77758],[105.30847,-3.77916],[105.3082,-3.78025],[105.30732,-3.78332],[105.30634,-3.78616],[105.30546,-3.78895],[105.30503,-3.7907],[105.30453,-3.79162],[105.30328,-3.79326],[105.3024,-3.79414],[105.30239,-3.79415],[105.29717,-3.7963],[105.29555,-3.79618],[105.28857,-3.79366],[105.28751,-3.79457],[105.2865,-3.79447],[105.28557,-3.79534],[105.28425,-3.79671],[105.28371,-3.79813],[105.2836,-3.79999],[105.28349,-3.80108],[105.28371,-3.80327],[105.28399,-3.80552],[105.28344,-3.81553],[105.2833,-3.81647],[105.28327,-3.8166],[105.283,-3.81841],[105.28272,-3.8201],[105.28201,-3.82136],[105.28147,-3.82316],[105.2813,-3.82469],[105.28158,-3.82737],[105.28165,-3.82771],[105.28201,-3.8295],[105.28267,-3.83065],[105.28316,-3.83147],[105.2842,-3.83235],[105.28584,-3.83322],[105.28759,-3.83421],[105.28939,-3.83535],[105.29092,-3.83672],[105.29218,-3.83847],[105.29289,-3.84071],[105.29273,-3.84257],[105.29246,-3.84596],[105.29202,-3.84814],[105.29147,-3.8494],[105.29059,-3.8506],[105.28819,-3.85361],[105.28655,-3.85552],[105.28568,-3.85667],[105.28551,-3.85702],[105.28497,-3.85761],[105.28436,-3.85927],[105.28333,-3.8611],[105.28108,-3.8664],[105.27977,-3.86952],[105.2789,-3.87291],[105.2778,-3.8758],[105.27699,-3.87707],[105.27675,-3.87741],[105.27551,-3.87881],[105.27436,-3.88001],[105.27289,-3.88096],[105.26966,-3.88225],[105.26857,-3.88258],[105.26545,-3.88384],[105.26414,-3.88477],[105.2631,-3.88592],[105.26217,-3.88745],[105.26001,-3.89219],[105.2536,-3.90157],[105.24374,-3.90624],[105.2414,-3.90647],[105.24062,-3.9062],[105.23591,-3.90281],[105.2341,-3.89337],[105.23206,-3.89059],[105.23113,-3.89037],[105.23096,-3.89023],[105.22976,-3.88952],[105.2291,-3.88941],[105.22741,-3.88947],[105.2261,-3.88974],[105.22451,-3.89051],[105.22161,-3.89248],[105.21997,-3.89324],[105.2185,-3.89379],[105.21735,-3.89384],[105.21587,-3.89351],[105.2138,-3.89275],[105.21128,-3.8916],[105.2086,-3.89095],[105.20685,-3.89067],[105.20532,-3.89056],[105.20401,-3.89111],[105.20248,-3.89204],[105.20155,-3.89291],[105.19996,-3.89422],[105.19718,-3.89619],[105.19477,-3.89761],[105.19272,-3.89886],[105.18023,-3.90381],[105.1794,-3.90484],[105.1793,-3.90488],[105.17851,-3.90594],[105.16985,-3.91668],[105.17005,-3.91777],[105.16982,-3.91782],[105.17046,-3.92092],[105.1712,-3.92203],[105.17194,-3.92335],[105.17227,-3.92498],[105.17234,-3.9264],[105.17207,-3.92749],[105.16748,-3.93469],[105.16594,-3.93667],[105.16496,-3.93762],[105.16494,-3.93763],[105.15637,-3.93866],[105.15372,-3.93622],[105.15364,-3.93606],[105.15322,-3.93425],[105.15271,-3.93252],[105.1522,-3.93169],[105.15126,-3.93112],[105.1504,-3.92934],[105.14243,-3.93286],[105.13936,-3.93422],[105.1357,-3.94351],[105.13559,-3.94368],[105.1352,-3.94414],[105.13557,-3.94763],[105.13606,-3.94968],[105.13651,-3.95029],[105.13681,-3.95069],[105.13687,-3.95077],[105.13693,-3.95109],[105.13719,-3.95121],[105.14164,-3.95319],[105.14177,-3.95323],[105.14179,-3.95326],[105.14289,-3.95375],[105.14289,-3.95548],[105.14323,-3.95638],[105.14357,-3.95844],[105.14333,-3.95942],[105.14311,-3.96253],[105.1429,-3.96509],[105.1429,-3.96707],[105.14223,-3.97262],[105.13481,-3.97713],[105.13453,-3.97738],[105.13404,-3.97793],[105.13389,-3.97836],[105.13387,-3.97843],[105.13406,-3.98305],[105.13439,-3.98399],[105.13444,-3.98405],[105.13484,-3.985],[105.13482,-3.98523],[105.13561,-3.98749],[105.13492,-3.98854],[105.13484,-3.98876],[105.13459,-3.98931],[105.13395,-3.99039],[105.13315,-3.99168],[105.13219,-3.99343],[105.13103,-3.99494],[105.13004,-3.99641],[105.12927,-3.99746],[105.12886,-3.99784],[105.12721,-4.00037],[105.12065,-3.99725],[105.12051,-3.99718],[105.11616,-3.9977],[105.11581,-3.99805],[105.11398,-3.99989],[105.11393,-3.99995],[105.11372,-4.00025],[105.11364,-4.00109],[105.11354,-4.00216],[105.11307,-4.00725],[105.11087,-4.00739],[105.11076,-4.00751],[105.11006,-4.00776],[105.1095,-4.00779],[105.1094,-4.00779],[105.10922,-4.00827],[105.1086,-4.00982],[105.10848,-4.01015],[105.10765,-4.01226],[105.10683,-4.01434],[105.10626,-4.01579],[105.10615,-4.01741],[105.10569,-4.01809],[105.10545,-4.02089],[105.10548,-4.02119],[105.10541,-4.02136],[105.10526,-4.02322],[105.10529,-4.02328],[105.10557,-4.02387],[105.10548,-4.02412],[105.1052,-4.02436],[105.10517,-4.02464],[105.10526,-4.02485],[105.10544,-4.0251],[105.10592,-4.0255],[105.10624,-4.02623],[105.10631,-4.02657],[105.10887,-4.02989],[105.10939,-4.02976],[105.1095,-4.02934],[105.1096,-4.02897],[105.1099,-4.0286],[105.11073,-4.02824],[105.11123,-4.02817],[105.11169,-4.02793],[105.11199,-4.02774],[105.11218,-4.02765],[105.11255,-4.02765],[105.11285,-4.02771],[105.11325,-4.02787],[105.11353,-4.02802],[105.11458,-4.02848],[105.11491,-4.02885],[105.11495,-4.0289],[105.11499,-4.02892],[105.1152,-4.02917],[105.11616,-4.03028],[105.11773,-4.0312],[105.11856,-4.03256],[105.12006,-4.0336],[105.12078,-4.03435],[105.12094,-4.03452],[105.121,-4.03455],[105.12098,-4.0346],[105.12085,-4.03497],[105.12058,-4.0352],[105.12201,-4.03807],[105.12258,-4.03921],[105.11992,-4.04831],[105.11576,-4.05103],[105.11526,-4.05097],[105.11545,-4.05075],[105.1154,-4.05074],[105.11488,-4.05041],[105.1144,-4.0502],[105.11387,-4.05],[105.11359,-4.04997],[105.11253,-4.04984],[105.11202,-4.05],[105.11167,-4.05041],[105.11149,-4.05047],[105.10998,-4.04809],[105.10962,-4.04793],[105.10958,-4.04776],[105.10946,-4.04755],[105.10925,-4.04728],[105.10891,-4.04723],[105.10882,-4.04734],[105.10881,-4.04756],[105.1073,-4.04688],[105.10727,-4.04677],[105.10688,-4.04661],[105.10656,-4.04651],[105.10653,-4.04653],[105.1049,-4.04579],[105.10478,-4.04559],[105.10418,-4.04532],[105.10374,-4.04515],[105.10326,-4.04504],[105.10325,-4.04504],[105.10313,-4.04498],[105.10295,-4.04501],[105.10273,-4.04499],[105.10171,-4.04495],[105.10049,-4.04502],[105.1001,-4.04472],[105.09957,-4.04458],[105.09897,-4.04458],[105.09846,-4.04467],[105.09812,-4.04481],[105.09756,-4.04497],[105.09738,-4.04502],[105.09701,-4.0452],[105.09664,-4.04545],[105.09652,-4.04568],[105.09652,-4.04589],[105.09652,-4.04591],[105.0956,-4.04624],[105.09518,-4.04654],[105.09546,-4.04715],[105.09553,-4.04729],[105.09378,-4.04904],[105.09274,-4.05009],[105.09097,-4.05297],[105.09109,-4.05877],[105.09113,-4.06097],[105.09119,-4.06407],[105.08592,-4.06531],[105.08569,-4.06566],[105.08395,-4.06824],[105.0835,-4.06849],[105.0834,-4.06862],[105.08312,-4.06911],[105.08291,-4.06973],[105.08254,-4.07041],[105.08245,-4.07059],[105.08235,-4.07087],[105.08245,-4.07124],[105.08257,-4.07148],[105.08285,-4.07139],[105.08302,-4.07127],[105.08303,-4.07127],[105.08329,-4.07127],[105.08352,-4.07268],[105.08333,-4.07298],[105.08321,-4.0731],[105.08284,-4.07322],[105.08255,-4.07355],[105.08247,-4.0738],[105.08239,-4.07421],[105.08259,-4.07499],[105.08264,-4.07503],[105.08203,-4.07585],[105.08187,-4.07586],[105.08186,-4.07577],[105.08169,-4.07544],[105.08153,-4.07511],[105.0812,-4.07511],[105.08112,-4.0754],[105.08108,-4.07585],[105.08095,-4.07622],[105.08087,-4.07663],[105.08087,-4.07716],[105.08094,-4.07734],[105.08006,-4.07854],[105.07997,-4.07855],[105.07964,-4.07859],[105.07944,-4.07892],[105.0794,-4.07929],[105.07944,-4.07954],[105.07927,-4.07986],[105.07927,-4.08057],[105.07878,-4.08311],[105.07825,-4.08347],[105.07767,-4.08368],[105.07739,-4.084],[105.07739,-4.08401],[105.07743,-4.08437],[105.0778,-4.08491],[105.07807,-4.0851],[105.07808,-4.08511],[105.07811,-4.08538],[105.07761,-4.08579],[105.07754,-4.08585],[105.07747,-4.08585],[105.0771,-4.08593],[105.0769,-4.08626],[105.07657,-4.08666],[105.07609,-4.08706],[105.07076,-4.09148],[105.07025,-4.09159],[105.06997,-4.09179],[105.06956,-4.09212],[105.06923,-4.09261],[105.06907,-4.09278],[105.06866,-4.09294],[105.06833,-4.09311],[105.06816,-4.09323],[105.06796,-4.09376],[105.06796,-4.0938],[105.06683,-4.09466],[105.06531,-4.09581],[105.06479,-4.09577],[105.06208,-4.09821],[105.0622,-4.09855],[105.06219,-4.10003],[105.06311,-4.1011],[105.0638,-4.10261],[105.0638,-4.10351],[105.06318,-4.10468],[105.06312,-4.10473],[105.06213,-4.10691],[105.06273,-4.10716],[105.06291,-4.10799],[105.06363,-4.10871],[105.06362,-4.10882],[105.06391,-4.10905],[105.0639,-4.11015],[105.0642,-4.1115],[105.06337,-4.11225],[105.06338,-4.11238],[105.06359,-4.11285],[105.06475,-4.11358],[105.06446,-4.11482],[105.06459,-4.11511],[105.06461,-4.11518],[105.06462,-4.11523],[105.06529,-4.11644],[105.06519,-4.11751],[105.06522,-4.11765],[105.06551,-4.1186],[105.06548,-4.11867],[105.06555,-4.11896],[105.06525,-4.11961],[105.06565,-4.12025],[105.06447,-4.1215],[105.06385,-4.12307],[105.0637,-4.12373],[105.06316,-4.12428],[105.06268,-4.12536],[105.06267,-4.12536],[105.06274,-4.12585],[105.06251,-4.12657],[105.062,-4.12677],[105.0612,-4.12631],[105.05883,-4.12784],[105.05821,-4.12824],[105.05682,-4.12964],[105.05696,-4.13006],[105.05644,-4.13094],[105.05536,-4.1311],[105.05481,-4.13166],[105.05319,-4.13328],[105.05323,-4.13348],[105.05294,-4.1344],[105.05184,-4.13538],[105.05147,-4.13676],[105.0513,-4.13706],[105.05152,-4.13784],[105.05043,-4.13894],[105.05026,-4.1398],[105.04996,-4.14127],[105.04936,-4.14134],[105.04904,-4.14152],[105.04848,-4.14152],[105.0479,-4.14148],[105.0477,-4.14168],[105.04765,-4.14138],[105.04736,-4.14127],[105.04695,-4.14096],[105.04663,-4.14071],[105.04656,-4.14036],[105.04653,-4.13963],[105.04614,-4.13945],[105.04572,-4.13931],[105.04488,-4.13924],[105.04439,-4.1391],[105.04397,-4.13886],[105.04345,-4.13872],[105.04303,-4.13865],[105.04257,-4.13851],[105.04194,-4.13861],[105.04138,-4.13875],[105.04128,-4.13921],[105.04114,-4.13963],[105.04063,-4.13983],[105.0406,-4.13983],[105.04023,-4.13963],[105.03921,-4.13966],[105.03862,-4.13966],[105.03839,-4.13998],[105.03692,-4.14008],[105.03687,-4.14005],[105.03659,-4.13987],[105.03624,-4.14008],[105.03582,-4.14019],[105.03529,-4.14015],[105.03494,-4.14036],[105.03459,-4.14075],[105.03428,-4.14085],[105.03386,-4.14075],[105.03347,-4.14099],[105.03351,-4.14138],[105.03372,-4.14183],[105.03381,-4.14212],[105.03291,-4.14272],[105.0327,-4.14271],[105.03249,-4.14281],[105.03228,-4.14315],[105.03112,-4.14392],[105.03096,-4.14411],[105.03074,-4.14414],[105.02997,-4.14403],[105.02945,-4.14386],[105.02864,-4.14403],[105.02868,-4.14445],[105.02847,-4.14505],[105.02819,-4.14578],[105.02798,-4.14652],[105.0276,-4.14666],[105.02693,-4.14652],[105.02669,-4.14697],[105.02658,-4.14767],[105.02644,-4.14816],[105.02637,-4.14855],[105.02641,-4.14876],[105.02641,-4.14932],[105.02644,-4.14984],[105.02647,-4.15032],[105.02598,-4.15186],[105.02578,-4.15201],[105.02518,-4.15257],[105.02529,-4.15292],[105.0255,-4.15335],[105.02508,-4.15468],[105.02469,-4.15488],[105.02445,-4.15523],[105.02469,-4.15544],[105.02482,-4.15549],[105.02457,-4.15628],[105.02382,-4.15628],[105.02329,-4.15604],[105.02284,-4.15604],[105.02231,-4.15625],[105.022,-4.15653],[105.022,-4.15674],[105.02235,-4.15684],[105.02305,-4.15684],[105.02326,-4.15695],[105.02349,-4.15716],[105.02122,-4.15821],[105.01879,-4.15295],[105.0128,-4.13998],[105.00764,-4.12883],[105.00103,-4.11452],[105.00108,-4.11438],[105.00017,-4.11378],[104.99735,-4.11055],[104.99318,-4.10834],[104.99442,-4.09651],[105.00197,-4.09745],[105.00252,-4.09372],[105.00276,-4.09208],[105.00281,-4.09207],[105.00273,-4.08757],[105.0026,-4.08019],[105.00259,-4.08018],[105.00111,-4.07906],[105.00019,-4.07584],[104.99978,-4.0744],[105.00022,-4.06952],[104.99735,-4.06775],[104.99778,-4.06724],[104.99956,-4.06509],[104.99912,-4.06154],[104.9989,-4.05976],[105.00089,-4.05488],[105.00311,-4.05232],[105.00328,-4.05212],[105.0053,-4.04978],[105.00751,-4.04446],[105.00751,-4.03891],[105.00723,-4.03849],[105.00486,-4.03492],[105.00022,-4.03049],[105.00026,-4.03037],[105.00133,-4.02738],[105.00464,-4.02339],[105.00641,-4.02073],[105.00597,-4.01629],[105.00442,-4.00742],[104.99655,-4.01122],[104.99098,-3.99663],[104.99155,-3.99521],[104.99458,-3.98756],[104.99724,-3.98087],[104.99832,-3.97814],[105.00035,-3.97304],[105.00148,-3.9702],[105.00289,-3.96665],[105.0042,-3.96334],[105.00542,-3.96028],[105.0136,-3.96266],[105.0136,-3.9592],[105.01666,-3.9568]]]]}},{"type":"Feature","properties":{"NAMOBJ":"Lempuing Jaya","WADMKC":"Lempuing Jaya","WADMKK":"Ogan Komering Ilir","WADMPR":"Sumatera Selatan","KDCPUM":"id1602011","KDPKAB":"16.02","JUMLAH_DESA":16,"CENTER_LAT":-3.71905,"CENTER_LNG":104.90775},"geometry":{"type":"MultiPolygon","coordinates":[[[[104.9796,-3.81676],[104.9739,-3.81783],[104.97035,-3.81748],[104.96896,-3.82614],[104.96286,-3.82951],[104.96302,-3.83782],[104.96013,-3.83772],[104.9526,-3.83745],[104.9494,-3.83734],[104.94895,-3.83484],[104.94574,-3.83534],[104.94574,-3.83484],[104.94821,-3.83335],[104.94771,-3.83038],[104.95018,-3.83013],[104.95016,-3.83009],[104.94944,-3.82889],[104.94771,-3.82691],[104.94771,-3.82592],[104.95043,-3.82468],[104.94969,-3.82344],[104.95067,-3.8227],[104.95068,-3.8227],[104.94604,-3.81864],[104.94458,-3.81749],[104.94249,-3.81584],[104.94167,-3.81519],[104.9387,-3.81423],[104.93708,-3.8137],[104.93439,-3.81283],[104.9309,-3.81222],[104.9302,-3.8121],[104.9232,-3.81088],[104.92278,-3.8108],[104.92279,-3.81079],[104.91971,-3.81024],[104.91879,-3.81007],[104.91045,-3.80856],[104.91051,-3.80822],[104.91085,-3.80633],[104.91095,-3.80575],[104.9116,-3.80214],[104.91179,-3.80109],[104.91257,-3.79672],[104.91267,-3.79617],[104.90994,-3.79623],[104.90132,-3.79641],[104.89293,-3.79269],[104.88894,-3.79187],[104.88664,-3.79139],[104.88454,-3.79096],[104.86829,-3.79021],[104.86811,-3.78995],[104.86762,-3.78995],[104.86733,-3.78995],[104.8671,-3.78961],[104.86685,-3.78927],[104.86626,-3.78907],[104.86588,-3.78888],[104.86539,-3.7883],[104.86519,-3.7883],[104.86462,-3.7883],[104.86442,-3.78791],[104.86384,-3.78791],[104.86306,-3.78674],[104.86271,-3.78681],[104.86258,-3.78684],[104.86222,-3.78649],[104.86219,-3.78645],[104.86197,-3.78616],[104.8619,-3.78606],[104.86189,-3.786],[104.8618,-3.78548],[104.86152,-3.78506],[104.86122,-3.78461],[104.86102,-3.78403],[104.86102,-3.78286],[104.86072,-3.78255],[104.86054,-3.78238],[104.86034,-3.78211],[104.86025,-3.78199],[104.8604,-3.78189],[104.86054,-3.78179],[104.86054,-3.78111],[104.86005,-3.78053],[104.86025,-3.77995],[104.86013,-3.77981],[104.85967,-3.77927],[104.85928,-3.77869],[104.85917,-3.77847],[104.85899,-3.77811],[104.8586,-3.77781],[104.85821,-3.77801],[104.85802,-3.77781],[104.85786,-3.77756],[104.85772,-3.77733],[104.85761,-3.77721],[104.85743,-3.77704],[104.85744,-3.77696],[104.85753,-3.77636],[104.85753,-3.77636],[104.85749,-3.77635],[104.85695,-3.77626],[104.85666,-3.77636],[104.85627,-3.77636],[104.85607,-3.77626],[104.85501,-3.77646],[104.85413,-3.77626],[104.85386,-3.77616],[104.85277,-3.77578],[104.85093,-3.77519],[104.84945,-3.77422],[104.84784,-3.77337],[104.84613,-3.77223],[104.84196,-3.76901],[104.83419,-3.76408],[104.82679,-3.75915],[104.82092,-3.75536],[104.81656,-3.75233],[104.81027,-3.74808],[104.80954,-3.74759],[104.80898,-3.74721],[104.80291,-3.74304],[104.8012,-3.74228],[104.79633,-3.73968],[104.79267,-3.73773],[104.78414,-3.733],[104.77789,-3.72826],[104.7764,-3.72732],[104.77277,-3.72503],[104.77275,-3.72496],[104.77249,-3.72399],[104.77275,-3.71744],[104.7765,-3.71763],[104.7765,-3.71815],[104.7883,-3.71815],[104.78849,-3.71815],[104.79312,-3.71815],[104.79334,-3.71815],[104.80919,-3.71815],[104.80907,-3.71654],[104.80891,-3.71442],[104.8089,-3.7142],[104.80918,-3.71421],[104.80921,-3.70618],[104.80924,-3.70124],[104.80924,-3.70124],[104.80925,-3.69716],[104.80927,-3.69251],[104.80929,-3.68756],[104.80932,-3.68065],[104.80933,-3.67785],[104.80935,-3.67354],[104.80936,-3.67134],[104.80937,-3.66877],[104.80938,-3.66657],[104.80939,-3.66369],[104.80943,-3.65308],[104.80944,-3.65019],[104.80946,-3.64566],[104.80947,-3.64354],[104.80951,-3.63395],[104.80909,-3.63395],[104.8092,-3.63164],[104.81723,-3.6312],[104.83113,-3.63044],[104.8315,-3.61538],[104.84291,-3.61526],[104.85673,-3.61513],[104.88001,-3.61489],[104.8811,-3.61488],[104.88191,-3.61325],[104.88296,-3.61386],[104.88333,-3.61407],[104.88596,-3.61244],[104.88474,-3.61183],[104.88232,-3.61203],[104.88211,-3.6098],[104.88353,-3.60878],[104.88495,-3.60898],[104.88493,-3.60721],[104.88632,-3.60686],[104.88832,-3.6087],[104.8905,-3.60896],[104.89094,-3.60809],[104.89259,-3.60853],[104.89242,-3.60634],[104.89266,-3.6061],[104.89556,-3.60327],[104.89608,-3.60546],[104.90017,-3.6052],[104.90113,-3.60424],[104.90261,-3.60468],[104.90192,-3.60091],[104.90375,-3.59898],[104.90732,-3.59863],[104.90689,-3.59408],[104.90959,-3.59076],[104.91236,-3.59063],[104.91333,-3.59058],[104.91804,-3.58664],[104.91734,-3.5841],[104.91412,-3.58402],[104.9163,-3.5813],[104.91577,-3.5806],[104.9136,-3.58051],[104.91333,-3.57832],[104.91159,-3.57552],[104.91072,-3.57298],[104.9095,-3.57027],[104.91168,-3.56388],[104.91316,-3.5637],[104.91377,-3.55801],[104.91287,-3.55192],[104.91348,-3.5506],[104.9136,-3.55035],[104.91377,-3.55052],[104.92156,-3.55806],[104.94719,-3.58048],[104.95715,-3.58919],[104.96383,-3.59503],[104.96495,-3.5954],[104.9653,-3.59815],[104.99619,-3.59785],[104.99649,-3.60293],[105.02203,-3.60263],[105.02212,-3.60407],[105.031,-3.60414],[105.03117,-3.60975],[105.03144,-3.61916],[105.03178,-3.63095],[105.03206,-3.64095],[105.03212,-3.64278],[105.02533,-3.64263],[105.02274,-3.64563],[105.02041,-3.64832],[105.01815,-3.65094],[105.0141,-3.65562],[105.01268,-3.65991],[105.0141,-3.66348],[105.02014,-3.66991],[105.026,-3.6795],[105.0269,-3.68099],[105.02379,-3.68442],[105.02335,-3.68492],[105.02334,-3.685],[105.02334,-3.68631],[105.02381,-3.6865],[105.02445,-3.68675],[105.02835,-3.68829],[105.03175,-3.68928],[105.03524,-3.68989],[105.0376,-3.69172],[105.04002,-3.69415],[105.0419,-3.69962],[105.04184,-3.70198],[105.04113,-3.70349],[105.03508,-3.70385],[105.03259,-3.70385],[105.03188,-3.70493],[105.025,-3.70493],[105.02441,-3.70493],[105.02121,-3.71064],[105.01801,-3.71064],[105.01694,-3.71243],[105.01449,-3.71243],[105.00538,-3.71243],[105.00353,-3.71243],[104.99766,-3.71243],[104.99278,-3.71243],[104.98482,-3.71243],[104.98316,-3.71243],[104.98312,-3.71302],[104.98287,-3.7178],[104.98244,-3.72565],[104.9753,-3.72596],[104.97426,-3.72601],[104.9742,-3.72624],[104.97355,-3.72851],[104.97035,-3.72851],[104.97035,-3.72879],[104.97034,-3.73146],[104.9699,-3.75212],[104.9699,-3.75256],[104.96946,-3.77346],[104.96984,-3.79208],[104.96989,-3.79438],[104.96999,-3.79961],[104.98315,-3.7989],[104.98707,-3.79747],[104.98722,-3.79798],[104.98813,-3.80104],[104.98813,-3.8039],[104.98601,-3.80774],[104.98458,-3.81033],[104.9828,-3.8139],[104.9796,-3.81676]]]]}}]}